Unnamed: 0,Make,Model,Price,Year,Transmission,Listing Type,Body Type,Fuel Type,Engine Capacity - Cc,Engine Power - KW
0,Porsche, 911 992 Carrera S Coupe 2dr PDK 8sp 3.0TT [MY21],,2020.0,,,,,,
1,BMW, i8 I12 LCI Coupe 2dr Auto 6sp AWD 1.5T/105kW Hybrid,,2019.0,,,,,,
2,Land Rover, Defender 90 Adventure Wagon 3dr Man 6sp 4x4 2.2DT [MY16],10999000.0,2015.0,,,,,,
3,Porsche, 911 997 Series II Carrera Cabriolet 2dr PDK 7sp 3.6i [MY09],,2009.0,,,,,,
4,Porsche, Cayenne 9YB Turbo Coupe 5dr Tiptronic 8sp 4x4 4.0TT [MY20],,2020.0,,,,,,
5,Mercedes-Benz, C-Class C205 C63 AMG S Coupe 2dr SPEEDSHIFT MCT 9sp 4.0TT,,2019.0,,,,,,
6,Maserati, Levante M161 Luxury Wagon 5dr Spts Auto 8sp Q4 3.0DT [MY17],10999000.0,2017.0,,,,,,
7,BMW, M4 F82 LCI Competition Coupe 2dr M-DCT 7sp 3.0TT,11999000.0,2019.0,,,,,,
8,Ferrari, 348 sp Convertible 2dr Man 5sp 3.4i,21999000.0,2004.0,,,,,,
9,Porsche, Cayenne 9YA Wagon 5dr Tiptronic 8sp 4x4 3.0T [MY20],13999000.0,2019.0,,,,,,
10,Porsche, Cayenne 9YA Turbo Wagon 5dr Tiptronic 8sp 4x4 4.0TT [MY19],,2018.0,,,,,,
11,Mercedes-Benz, GLC-Class X253 GLC63 AMG S Wagon 5dr SPEEDSHIFT MCT 9sp 4MATIC+ 4.0TT,14499000.0,2019.0,,,,,,
12,Lexus," LC URZ100R LC500 Coupe 2dr Spts Auto 10sp, 5.0i [Mar]",,2017.0,,,,,,
13,BMW, X5 G05 xDrive30d M Sport Wagon 5dr Steptronic 8sp 4x4 3.0DT [Jul],10999000.0,2019.0,,,,,,
14,BMW, 7 Series G12 750Li Sedan 4dr Steptronic 8sp 4.4TT,11999000.0,2016.0,,,,,,
15,Tesla, Model S 85 Sportback 5dr Reduction Gear 1sp AC270kW [Jun],6999000.0,2014.0,,,,,,
16,Mercedes-Benz, C-Class W205 C63 AMG S Sedan 4dr SPEEDSHIFT MCT 7sp 4.0TT [Jun],10499000.0,2017.0,,,,,,
17,Lamborghini, Gallardo L140 LP550-2 Coupe 2dr E-Gear 6sp 5.2i,24999000.0,2012.0,,,,,,
18,Mercedes-Benz, S-Class W223 S450 Sedan 4dr 9G-TRONIC 9sp 4MATIC 3.0TeC/16kW,26999000.0,2021.0,,,,,,
19,Porsche, Macan 95B GTS Wagon 5dr PDK 7sp AWD 3.0TT [MY18],10999000.0,2017.0,,,,,,
20,Mercedes-Benz, C-Class W205 C63 AMG S Sedan 4dr SPEEDSHIFT MCT 9sp 4.0TT [Jun],15999000.0,2019.0,,,,,,
21,BMW, i8 I12 Coupe 2dr Auto 6sp AWD 1.5T/96kW Hybrid [Nov],17999000.0,2014.0,,,,,,
22,HARLEY DAVIDSON, FLHTCU ULTRA CLASSIC,2499000.0,2012.0,,,,,,
23,McLaren, 600LT P13 Coupe 2dr SSG 7sp 3.8TT [MY19],46599000.0,2019.0,,,,,,
24,Mazda, RX-8 FE Series 2 Luxury Coupe 4dr Spts Auto 6sp 13Bi Rotary (Sat Nav) [Jul],4999000.0,2008.0,,,,,,
25,Mercedes-Benz, G-Class W463 G63 AMG Wagon 5dr SPEEDSHIFT 9sp 4MATIC 4.0TT [Jun],30999000.0,2018.0,,,,,,
26,Ferrari, 612 Scaglietti F137 Coupe 2dr Seq. Mac 6sp 5.7i,37499000.0,2009.0,,,,,,
27,Ferrari, 612 Scaglietti F137 Coupe 2dr Seq. Mac 6sp 5.7i,19999000.0,2006.0,,,,,,
28,Bentley, Continental 3S GT Coupe 2dr DCT 8sp 4x4 6.0TT [MY19],41999000.0,2019.0,,,,,,
29,McLaren, GT MA3 Coupe 2dr SSG 7sp 4.0TT [MY20],39999000.0,2020.0,,,,,,
30,Ferrari, 599 Fiorano GTB Coupe 2dr Seq. Mac 6sp 6.0i [Jul],26999000.0,2006.0,,,,,,
31,Ferrari, 488 Pista Spider F142 Convertible 2dr DCT 7sp 3.9TT [Jun],99099000.0,2019.0,,,,,,
32,Ferrari, 458 Speciale F142 Coupe 2dr DCT 7sp 4.5i,69999000.0,2015.0,,,,,,
33,Land Rover, Range Rover L405 SDV8 Vogue SE Wagon 5dr Spts Auto 8sp 4x4 4.4DTT [MY19],18999000.0,2018.0,,,,,,
34,Porsche, Panamera 971 Turbo S E-Hybrid Sedan 4dr PDK 8sp AWD 4.0TT/100kW Hybrid [MY18],29999000.0,2017.0,,,,,,
35,Porsche, 911 996 GT2 Coupe 2dr Man 6sp 3.6TT [MY03],26999000.0,2004.0,,,,,,
36,Ferrari, F430 F136 Scuderia Coupe 2dr Seq. Mac 6sp 4.3i,54999000.0,2008.0,,,,,,
37,McLaren, 675LT Coupe 2dr SSG 7sp 3.8TT [Jul],49999000.0,2015.0,,,,,,
38,Porsche, Carrera GT,,2005.0,,,,,,
39,Ferrari, Enzo,,2004.0,,,,,,
40,Maserati, MC12,,2005.0,,,,,,
41,McLaren, 650S Spider 2dr SSG 7sp 3.8TT [MY15],27999000.0,2014.0,,,,,,
42,,Austin Healey 3000 Mk III Convertible 2dr Man O/Drv 4sp 3000,10999000.0,1967.0,,,,,,
43,Ferrari, 330 GT 2+2 Coupe 2dr Man 5sp 4.0,,1964.0,,,,,,
44,Ferrari, Testarossa Monospecchio,47999000.0,1986.0,,,,,,
45,,Cooper BRM F2,,,,,,,,
46,Ferrari, 328 GTS Coupe 2dr Man 5sp 3.2i,22999000.0,1987.0,,,,,,
47,Ferrari, F355 Spider Convertible 2dr Man 6sp 3.5i,29999000.0,1997.0,,,,,,
48,Mercedes-Benz, 190SL R121 Roadster 2dr Man 4sp 1.9,31999000.0,1960.0,,,,,,
49,Mercedes-Benz, 280SL Pagoda,,1970.0,,,,,,
50,,Jaguar E-Type 4.2 F H Coupe,,1964.0,,,,,,
51,Porsche, 356SC Coupe 2dr Man 4sp 1600,35999000.0,1964.0,,,,,,
52,Lamborghini, Miura P400 S,,1969.0,,,,,,
53,Porsche,959,219999000.0,1987.0,,,,,,
0,AC, COBRA,70000.0,1995.0,Automatic,Used,Soft Top,Premium Unleaded,4900.0,
1,SUBARU, LIBERTY Gt,20000.0,1997.0,Manual,Used,Sedan,Unleaded,2000.0,
2,TOYOTA, CAMRY,11500.0,2016.0,Automatic,Used,Sedan,,,V6
3,FORD, CORTINA TC 2 Door,57995.0,1972.0,Manual,Used,Hardtop - Coupe,Unleaded,1600.0,
4,FORD, FALCON XF,15000.0,1985.0,Automatic,Used,Wagon,Unleaded,4100.0,
5,FORD, MUSTANG,45000.0,1973.0,Automatic,Used,Soft Top,Unleaded,,
6,FORD, RANCHERO GT,24000.0,1971.0,Automatic,Used,Ute,,,
7,HSV, GTSR 2,210000.0,2017.0,Automatic,Used,Sedan,Premium Unleaded,6162.0,435
8,IVECO, DAILY,41990.0,2017.0,Automatic,Used,Van,Diesel,0.0,
9,FORD, FAIRLANE SKYLINER,85000.0,1957.0,,Used,Convertible,Unleaded,312.0,245
10,SHELBY, GT500 GT500KR,165000.0,2008.0,Manual Overdrive,Used,Fastback,Premium Unleaded,5400.0,403
11,FORD, 150 Harley Davidson Anniversary,55500.0,2003.0,Automatic,Used,Ute,Premium Unleaded,329.0,283
12,MAZDA, RX7 3,75000.0,1983.0,Manual,Used,Hardtop - Coupe,Premium Unleaded,,
13,CHEVROLET, BELAIR,75000.0,1956.0,Automatic,Used,Sedan,Leaded Petrol,,
14,PONTIAC, GTO,110000.0,1967.0,Manual,Used,Hardtop - Coupe,,,
15,NISSAN, 300ZX Fairlady Z,55000.0,1994.0,Manual,Used,Targa,Unleaded,6.0,215
16,SUBARU, LIBERTY Gt,20000.0,1997.0,Manual,Used,Sedan,Unleaded,2000.0,
17,HSV, GTS Gen F2,124995.0,2015.0,Automatic,Used,Sedan,Premium Unleaded,,
18,MORRIS, MINI DELUXE,25000.0,1968.0,Manual,Used,Sedan,Leaded Petrol,998.0,
19,JAGUAR, E-TYPE II,169000.0,1969.0,Automatic,Used,Fastback,Premium Unleaded,,
20,OLDSMOBILE, F36,30000.0,1936.0,Manual,Used,Sedan,Premium Unleaded,3500.0,70
21,MERCEDES-BENZ, CLK55 AMG,35999.0,2000.0,Automatic,Used,Hardtop - Coupe,Leaded Petrol,,5.4L
22,CHEVROLET, CAMARO,88000.0,1968.0,Automatic,Used,Convertible,Unleaded,,
23,CHRYSLER, LEBARON Medallion,37000.0,1978.0,Automatic,Used,Hardtop - Coupe,Premium Unleaded,225.0,67kw
24,LOTUS, 61,65000.0,1969.0,,Used,Open Wheeler,,,
25,MERCEDES-BENZ, 300CE,22000.0,,Automatic,Used,Hardtop - Coupe,,,
26,DODGE, DART,39000.0,1973.0,Automatic,Used,Hardtop - Coupe,,5896.0,
27,MERCEDES-BENZ, E270 CDI,16999.0,,Sequential Manual Auto,Used,Sedan,Diesel,2700.0,
28,FORD, ROADSTER,40000.0,,Automatic,Used,Roadster,Unleaded,,
29,FORD, F SERIES F250 custom xlt,57500.0,1976.0,Automatic,Used,Style Side,Premium Unleaded,7800.0,350
30,HOLDEN, HR,40500.0,1966.0,Manual,Used,Ute,Premium Unleaded,,186
31,PONTIAC, GTO,110000.0,1967.0,Manual,Used,Hardtop - Coupe,,,
32,KOPELKE KITCARS, GT40,24000.0,,,New,Hardtop - Coupe,,,
33,CHEVROLET, BEL AIR,95000.0,1955.0,,Used,Hardtop - Coupe,Premium Unleaded,350.0,290
34,MERCEDES-BENZ, 300SEL W109,52000.0,1970.0,Automatic,Used,Sedan,Premium Unleaded,3475.0,156
35,HSV, CLUBSPORT R8 30th Anniversary Tourer,154500.0,2017.0,Automatic,Used,Wagon,Premium Unleaded,,
36,MERCEDES-AMG, C63 S C,114988.0,2017.0,Automatic,Used,Hardtop - Coupe,Premium Unleaded,,
37,HOLDEN, CALAIS-V Vf,35000.0,2014.0,Sportmatic,Used,Sedan,Premium Unleaded,,300
38,VOLKSWAGEN, 1500 Beetle,25000.0,1965.0,Manual,Used,Sedan,Unleaded,1600.0,55
39,FORD, LTD XF,23400.0,1985.0,Automatic,Used,Wagon,Unleaded,,117
40,FORD, ROADSTER,160000.0,1937.0,Automatic,Used,Roadster,,,
41,SUBARU, BRUMBY,18000.0,1992.0,Manual,Used,Ute,Premium Unleaded,2000.0,
42,FORD, ROADSTER,40000.0,,Automatic,Used,Roadster,Unleaded,,
43,NISSAN, 720 Sports kingcab,8500.0,1986.0,Manual,Used,Ute,Leaded Petrol,22.0,
44,HONDA, JAZZ,8500.0,2018.0,Automatic,Used,Hatchback,Dual Fuel,,V6
45,CHRYSLER, IMPERIAL Crown,17500.0,1963.0,Automatic,Used,Limousine,Leaded Petrol,413.0,450
46,MORGAN, 4/4 V,50000.0,1966.0,Manual,Used,Convertible,Leaded Petrol,1500.0,
47,CHEVROLET, CORVETTE C3,35000.0,1975.0,Manual,Used,Hardtop - Coupe,Unleaded,350.0,
48,MERCEDES-BENZ, 420SEL 420 SEL,18000.0,1989.0,Automatic,Used,Sedan,Unleaded,4200.0,
49,HOLDEN, COMMODORE SLE,30000.0,1983.0,Automatic,Used,Sedan,LPG,,
50,HOLDEN, SANDMAN wb,35000.0,1980.0,Automatic,Used,Panel Van,Unleaded,202.0,
51,AUSTIN HEALEY, BN7 2,85000.0,1963.0,Manual Overdrive,Used,Convertible,Unleaded,3000.0,
52,NISSAN, 300ZX,4500.0,1985.0,Automatic,Used,Hardtop - Coupe,Premium Unleaded,,
53,FORD, TORINO GT,28000.0,1968.0,Automatic,Used,Hardtop - Coupe,Unleaded,,
54,FERRARI, DAYTONA,46995.0,1975.0,Automatic,Used,Convertible,Unleaded,,
55,HUDSON, SUPER 6,37000.0,,Manual,Used,Sedan,Unleaded,,
56,DAIHATSU, TAFT F20,18000.0,1978.0,Manual,Used,Open Wheeler,Unleaded,1600.0,60
57,FORD, MUSTANG ALLAN MOFFAT TRIBUTE,155000.0,1969.0,,Used,Fastback,,,
58,FORD, MUSTANG ROUSH RS3,132000.0,2019.0,Manual,Used,Fastback,Premium Unleaded,5000.0,530
59,HOLDEN, COMMODORE Ve ssv,32000.0,2010.0,Manual,Used,Ute,Premium Unleaded,6000.0,
60,HOLDEN, MONARO HG GTS,284888.0,1970.0,Automatic,Used,Hardtop - Coupe,Premium Unleaded,350.0,
61,OLDSMOBILE, F36,30000.0,1936.0,Manual,Used,Sedan,Premium Unleaded,3500.0,70
62,HOLDEN, FC,210000.0,1958.0,Manual,Used,Ute,Premium Unleaded,,
63,JAGUAR, D-TYPE REPLICA,26000.0,,,New,Roadster,,,
64,MERCEDES-BENZ, 300CE,22000.0,,Automatic,Used,Hardtop - Coupe,,,
65,FORD, TRANSIT,8900.0,,Manual,Used,Tray,Unleaded,,
66,JAGUAR, XKR,60000.0,1999.0,Automatic,Used,Convertible,Premium Unleaded,4000.0,370 HP
67,FORD, CORTINA 440,7500.0,1968.0,Automatic,Used,Sedan,Leaded Petrol,1600.0,162.0
68,FORD, MUSTANG FASTBACK,95000.0,1969.0,Automatic,Used,Fastback,Premium Unleaded,,
69,LEYLAND, P76 EXECUTIVE,32000.0,,Automatic,Used,Sedan,Premium Unleaded,4416.0,
70,PONTIAC, GRANDVILLE,36500.0,1973.0,Automatic,Used,Convertible,,,
71,DODGE, AT4 RAM,5500.0,1972.0,Manual,Used,Panel Van,Leaded Petrol,265.0,
72,HOLDEN, MONARO HG GTS,284888.0,1970.0,Automatic,Used,Hardtop - Coupe,Premium Unleaded,350.0,
73,VOLKSWAGEN, KOMBI T2,69999.0,1974.0,Manual,Used,Van,Premium Unleaded,2000.0,
74,FORD, SHELBY GT500 Super Snake,260000.0,2014.0,Manual,Used,Fastback,Premium Unleaded,5800.0,850hp
75,TRIUMPH, TR6 Convertible,45500.0,1973.0,Manual,Used,Convertible,Premium Unleaded,2500.0,108
76,FORD, MUSTANG,26500.0,1967.0,Automatic,Used,Hardtop - Coupe,,,
77,FORD, T MODEL,255000.0,1920.0,,Used,Tourer,Premium Unleaded,,
78,MORRIS, MINOR 4,2000020000.0,1961.0,Manual,Used,Sedan,Leaded Petrol,948.0,
79,JAGUAR, XJS,38500.0,1986.0,Automatic,Used,Sedan,Unleaded,5344.0,
80,MITSUBISHI, 380,39000.0,2008.0,Automatic,Used,Sedan,Premium Unleaded,3800.0,230
81,LINCOLN, CONTINENTAL,52500.0,1965.0,Automatic,Used,Convertible,Unleaded,,
82,MERCEDES-BENZ, CLK55 AMG,35999.0,2000.0,Automatic,Used,Hardtop - Coupe,Leaded Petrol,,5.4L
83,AUSTIN HEALEY, 3000 BJ7,89500.0,1963.0,Manual,Used,Convertible,Unleaded,2962.0,
84,CHEVROLET, IMPALA,104990.0,1960.0,Automatic,Used,Hardtop - Coupe,,,
85,CADILLAC, COUPE DE VILLE,45000.0,1967.0,Automatic,Used,Hardtop - Coupe,Leaded Petrol,,
86,CHRYSLER, CH,35000.0,,Automatic,Used,Sedan,Premium Unleaded,318.0,
87,JAGUAR, XJ6 XJ40 Sovereign,25000.0,1991.0,,Used,Sedan,Unleaded,4000.0,
88,CHEVROLET, COUPE,154990.0,1934.0,,Used,Roadster,,,
89,CHEVROLET, CORVETTE,55000.0,2020.0,Automatic,Used,Hardtop - Coupe,Dual Fuel,,
90,HOLDEN, FC,45000.0,1958.0,Manual,Used,Sedan,Unleaded,,
91,DAYTONA, COUPE,175000.0,,Sequential Sports Shift,Used,Hardtop - Coupe,Premium Unleaded,7000.0,410
92,CHRYSLER, VALIANT AP5,47000.0,1965.0,Automatic,Used,Sedan,Leaded Petrol,,
93,HOLDEN, CALAIS SV 150,35000.0,1989.0,Automatic,Used,Sedan,Unleaded,5000.0,180
94,TRIUMPH, TR6 Convertible,45500.0,1973.0,Manual,Used,Convertible,Premium Unleaded,2500.0,108
95,FORD, UTE BODY,8000.0,1938.0,,Used,Ute,,,
96,MG, BGT,26000.0,1975.0,Manual Overdrive,Used,Hardtop - Coupe,Premium Unleaded,,
97,MERCURY, CLASSIC CRUISER,59500.0,1957.0,Automatic,Used,Hardtop - Coupe,Premium Unleaded,5100.0,
98,FORD, F SERIES F250 custom xlt,57500.0,1976.0,Automatic,Used,Style Side,Premium Unleaded,7800.0,350
99,HOLDEN, HJ Kingswood,21500.0,1975.0,Automatic,Used,Ute,Leaded Petrol,5.0,
100,CITROEN, CX 2500 Gti,22500.0,1985.0,Automatic,Used,Fastback,Unleaded,2500.0,101KW
101,WESTFIELD, CLUBMAN,29950.0,1984.0,Manual,Used,Roadster,Unleaded,1558.0,120
102,FORD, PICKUP,50000.0,1932.0,,Used,Roadster,,,
103,LOLA, T200,36000.0,1970.0,Manual,Used,Open Wheeler,Ethanol,1600.0,
104,CADILLAC, SERIES 62,160000.0,,Automatic,Used,Sedan,Unleaded,390.0,
105,CHEVROLET, SILVERADO 1500,44900.0,,Automatic,Used,Ute,Unleaded,350.0,
106,FORD, MUSTANG,26500.0,1967.0,Automatic,Used,Hardtop - Coupe,,,
107,DRB, 540 1 of 1,180000.0,2009.0,Manual,Used,Convertible,Premium Unleaded,540.0,330
108,LOTUS, SEVEN,65000.0,,Manual,Used,Convertible,,,
109,DODGE, PHOENIX,27400.0,1969.0,Automatic,Used,Sedan,Unleaded,5200.0,
110,HOLDEN, ONE TONNER HX,28000.0,1977.0,Automatic,Used,Ute,Leaded Petrol,,
111,BMW, Z4 E89,38750.0,2010.0,Automatic,Used,Roadster,Premium Unleaded,3000.0,190
112,LINCOLN, CONTINENTAL,70000.0,,Automatic,Used,Convertible,Premium Unleaded,460.0,
113,FORD, F100,100000.0,1951.0,Automatic,Used,Ute,Dual Fuel,351.0,
114,FORD, F100 XLT,42000.0,1979.0,Manual,Used,Ute,Dual Fuel,351.0,5766.0
115,FORD, DELUXE,52000.0,1939.0,Manual,Used,Convertible,Premium Unleaded,,
116,CHRYSLER, 300C,110000.0,2007.0,Automatic,Used,Limousine,Diesel,,
117,HOLDEN, KINGSWOOD HX,16000.0,1976.0,Automatic,Used,Wagon,Unleaded,,
118,LOTUS, 61,65000.0,1969.0,,Used,Open Wheeler,,,
119,DODGE, AT4 114,55000.0,1967.0,Automatic,Used,Ute,Premium Unleaded,318.0,350 hp
120,MERCEDES-BENZ, 190E,20000.0,1987.0,Automatic,Used,Sedan,Premium Unleaded,,2.6
121,MAZDA, RX7 3,75000.0,1983.0,Manual,Used,Hardtop - Coupe,Premium Unleaded,,
122,FORD, MUSTANG,42000.0,1966.0,Manual,Used,Hardtop - Coupe,,4727.0,
123,MORRIS, MINI DELUXE,25000.0,1968.0,Manual,Used,Sedan,Leaded Petrol,998.0,
124,FORD, SEDAN XB GT,155990.0,1974.0,Automatic,Used,Sedan,,,
125,FORD, FALCON 500 XA XA GS,57500.0,1973.0,Manual,Used,Ute,Unleaded,5800.0,
126,CUSTOM, SPORTS COUPE,21000.0,1948.0,Manual,Used,Tourer,Unleaded,,
127,CUSTOM,  X7,65000.0,2003.0,Manual,Used,Roadster,Premium Unleaded,,
128,OLDSMOBILE, TORONADO,49500.0,1968.0,Automatic,Used,Hardtop - Coupe,Unleaded,7456.0,
129,CUSTOM, TRIBILDA ICV Trike,55000.0,1994.0,Manual,Used,Convertible,Premium Unleaded,1100.0,67
130,FORD, CORTINA 440,7500.0,1968.0,Automatic,Used,Sedan,Leaded Petrol,1600.0,162.0
131,HOLDEN, COMMODORE SS SS V Redline VF Series II Auto MY17,73000.0,2017.0,Automatic,Used,Sedan,,,
132,HSV, SENATOR VY II SERIES 2,37500.0,2004.0,Automatic,Used,Sedan,Premium Unleaded,5700.0,
133,SUBARU, BRUMBY,18000.0,1992.0,Manual,Used,Ute,Premium Unleaded,2000.0,
134,FORD, CORTINA Mk 2,25000.0,1968.0,Automatic,Used,Sedan,Leaded Petrol,,
135,HOLDEN, BROUGHAM,20000.0,,Automatic,Used,Sedan,Leaded Petrol,,
136,NISSAN, 200SX S15,49900.0,2000.0,Automatic,Used,Hardtop - Coupe,Premium Unleaded,2000.0,
137,HOLDEN, KINGSWOOD HZ,29888.0,1979.0,Automatic,Used,Wagon,Premium Unleaded,308.0,
138,FORD, FAIRMONT GXL,48000.0,1977.0,Automatic,Used,Sedan,Unleaded,,
139,CHEVROLET, 1100,34000.0,1954.0,Manual,Used,Tray,Unleaded,,
140,CUSTOM, SPORTS COUPE,21000.0,1948.0,Manual,Used,Tourer,Unleaded,,
141,FORD, MUSTANG ROUSH RS3,132000.0,2019.0,Manual,Used,Fastback,Premium Unleaded,5000.0,530
142,FORD, MUSTANG,45000.0,1973.0,Automatic,Used,Soft Top,Unleaded,,
143,JAGUAR, XKR,60000.0,1999.0,Automatic,Used,Convertible,Premium Unleaded,4000.0,370 HP
144,CUSTOM,  X7,65000.0,2003.0,Manual,Used,Roadster,Premium Unleaded,,
145,DODGE, VIPER RT/10,95000.0,1994.0,Manual,Used,Convertible,Unleaded,,298.5
146,VOLKSWAGEN, MICROBUS,135000.0,,Manual,Used,Wagon,Premium Unleaded,2375.0,
147,FORD, LIMOUSINE,135000.0,1931.0,Automatic,Used,Limousine,LPG,,
148,FORD, UTE BODY,8000.0,1938.0,,Used,Ute,,,
149,FORD, MUSTANG Fastback,190000.0,1966.0,Automatic,Used,Fastback,Unleaded,347.0,
150,HOLDEN, COMMODORE VN,4800048000.0,1991.0,Automatic,Used,Sedan,Unleaded,5.0,180
151,HSV, CLUBSPORT R8 VF,71990.0,2014.0,Automatic,Used,Wagon,Premium Unleaded,6200.0,340
152,FERRARI, 328GTS,185000.0,1989.0,Manual,Used,Targa,Unleaded,3185.0,
153,HOLDEN, MONARO V2,90000.0,2002.0,Automatic,Used,Hardtop - Coupe,Leaded Petrol,5700.0,225
154,HOLDEN, HQ PREMIER,54888.0,1973.0,Automatic,Used,Sedan,Unleaded,253.0,
155,HSV, SENATOR VY II SERIES 2,37500.0,2004.0,Automatic,Used,Sedan,Premium Unleaded,5700.0,
156,CHEVROLET, CHEVELLE,48000.0,1970.0,Automatic,Used,Hardtop - Coupe,Premium Unleaded,5700.0,
157,VOLKSWAGEN, KOMBI T2,69999.0,1974.0,Manual,Used,Van,Premium Unleaded,2000.0,
158,HOLDEN, HSV VR SENATOR,72000.0,1994.0,Automatic,Used,Sedan,Premium Unleaded,,
159,HOLDEN, PREMIER LS3 Turbo,130000.0,1975.0,Automatic,Used,Sedan,Ethanol,6200.0,545
160,HOLDEN, CALAIS-V Vf,35000.0,2014.0,Sportmatic,Used,Sedan,Premium Unleaded,,300
161,CHEVROLET, BEL AIR,95000.0,1955.0,,Used,Hardtop - Coupe,Premium Unleaded,350.0,290
162,CUSTOM, TRIBILDA ICV Trike,55000.0,1994.0,Manual,Used,Convertible,Premium Unleaded,1100.0,67
163,MORGAN, 4/4 V,50000.0,1966.0,Manual,Used,Convertible,Leaded Petrol,1500.0,
164,FERRARI, DAYTONA,46995.0,1975.0,Automatic,Used,Convertible,Unleaded,,
165,PEUGEOT, 504 GLD,15800.0,1981.0,Manual,Used,Sedan,Diesel,2304.0,
166,MAZDA, 1000,35000.0,1972.0,Manual,Used,Sedan,Unleaded,,
167,DODGE, PHOENIX,27400.0,1969.0,Automatic,Used,Sedan,Unleaded,5200.0,
168,FORD, MUSTANG GT GT 35th anniversary,60000.0,2000.0,Automatic,Used,Convertible,Premium Unleaded,,190
169,AC, COBRA,70000.0,1995.0,Automatic,Used,Soft Top,Premium Unleaded,4900.0,
170,FORD, FALCON XW GT,159995.0,1970.0,Manual,Used,Sedan,Unleaded,,282
171,HOLDEN, TORANA LH,235000.0,1974.0,Manual,Used,Sedan,Premium Unleaded,308.0,280
172,CHEVROLET, COUPE,154990.0,1934.0,,Used,Roadster,,,
173,CHEVROLET, CHEVELLE 396 SS TRIBUTE,89900.0,1968.0,Manual,Used,Hardtop - Coupe,,5989.0,
174,FORD, MUSTANG Coupe,90000.0,1967.0,Automatic,Used,Hardtop - Coupe,Premium Unleaded,351.0,
175,OLDSMOBILE, TORONADO,49500.0,1968.0,Automatic,Used,Hardtop - Coupe,Unleaded,7456.0,
176,JAGUAR, D-TYPE REPLICA,26000.0,,,New,Roadster,,,
177,HOLDEN, HJ Kingswood,21500.0,1975.0,Automatic,Used,Ute,Leaded Petrol,5.0,
178,VOLKSWAGEN, JETTA Mk V,11000.0,2007.0,Tiptronic,Used,Sedan,Premium Unleaded,2000.0,240
179,HOLDEN, FC,45000.0,1958.0,Manual,Used,Sedan,Unleaded,,
180,MERCEDES-BENZ, 420SEL 420 SEL,18000.0,1989.0,Automatic,Used,Sedan,Unleaded,4200.0,
181,HUMBER, SUPER SNIPE,26995.0,1963.0,Automatic,Used,Sedan,Unleaded,,
182,FORD, MUSTANG FASTBACK,95000.0,1969.0,Automatic,Used,Fastback,Premium Unleaded,,
183,HOLDEN, SANDMAN wb,35000.0,1980.0,Automatic,Used,Panel Van,Unleaded,202.0,
184,CHEVROLET, CORVETTE,55000.0,2020.0,Automatic,Used,Hardtop - Coupe,Dual Fuel,,
185,BMW, Z3,28000.0,1997.0,Manual,Used,Convertible,Unleaded,2.0,
186,DRB, 540 1 of 1,180000.0,2009.0,Manual,Used,Convertible,Premium Unleaded,540.0,330
187,HOLDEN, KINGSWOOD HX,16000.0,1976.0,Automatic,Used,Wagon,Unleaded,,
188,CHRYSLER, 300C,110000.0,2007.0,Automatic,Used,Limousine,Diesel,,
189,CADILLAC, COUPE DE VILLE,45000.0,1967.0,Automatic,Used,Hardtop - Coupe,Leaded Petrol,,
190,HOLDEN, COMMODORE,11000.0,2010.0,Manual,Used,Sedan,,,SV6
191,BMW, 328I,13000.0,1998.0,,Used,Hardtop - Coupe,,,
192,MERCEDES-BENZ, 350SLC 107,23000.0,1974.0,Automatic,Used,Hardtop - Coupe,,3500.0,
193,MAZDA, 626,20000.0,1982.0,Manual,Used,Sedan,Unleaded,4600.0,
194,JAGUAR, XJ6 XJ40 Sovereign,25000.0,1991.0,,Used,Sedan,Unleaded,4000.0,
195,BMW, Z4 E89,38750.0,2010.0,Automatic,Used,Roadster,Premium Unleaded,3000.0,190
196,CHRYSLER, VALIANT VC Safari wagon,40000.0,1967.0,,Used,Wagon,,,
197,FORD, XC Falcon,10000.0,1977.0,Manual,Used,Ute,Unleaded,4100.0,157kw
198,NISSAN, 720 Sports kingcab,8500.0,1986.0,Manual,Used,Ute,Leaded Petrol,22.0,
199,CHEVROLET, 3100,99995.0,1957.0,Automatic,Used,Ute,Unleaded,,
200,FLINT, RACER-SPEEDSTER Special,54999.0,1926.0,Manual,Used,Roadster,Unleaded,,
201,FORD, A MODEL Sports Coupe,37000.0,1931.0,Manual,Used,Ute,Unleaded,,
202,FORD, FALCON XR8 3,75000.0,2002.0,Manual,Used,Sedan,Premium Unleaded,5000.0,220
203,FORD, HI-BOY ROADSTER,55000.0,1932.0,Automatic,Used,Roadster,Unleaded,350.0,
204,FORD, FALCON Xg,9000.0,1995.0,Automatic,Used,Ute,Unleaded,,
205,CHRYSLER, VALIANT VC Safari wagon,40000.0,1967.0,,Used,Wagon,,,
206,PONTIAC, GRANDVILLE,36500.0,1973.0,Automatic,Used,Convertible,,,
207,MG, B,18500.0,1975.0,Manual Overdrive,Used,Roadster,Unleaded,1798.0,
208,CHEVROLET, SEDAN Streetrod,39800.0,1947.0,Automatic,Used,Sedan,,308.0,
209,HOLDEN, COMMODORE,11000.0,2010.0,Manual,Used,Sedan,,,SV6
210,VOLKSWAGEN, MICROBUS,135000.0,,Manual,Used,Wagon,Premium Unleaded,2375.0,
211,CHRYSLER, LEBARON Medallion,37000.0,1978.0,Automatic,Used,Hardtop - Coupe,Premium Unleaded,225.0,67kw
212,FORD, ECONOLINE 351 Windsor V8,43000.0,1982.0,Automatic,Used,Van,LPG,,
213,FORD, FALCON XW GT,159995.0,1970.0,Manual,Used,Sedan,Unleaded,,282
214,FORD, MUSTANG,45000.0,1973.0,Automatic,Used,Convertible,Unleaded,,
215,NISSAN, 300ZX Fairlady Z,55000.0,1994.0,Manual,Used,Targa,Unleaded,6.0,215
216,FORD, MUSTANG Boss 302,139500.0,1970.0,Manual,Used,Fastback,Premium Unleaded,4949.0,216
217,FORD, CORTINA MK2,95000.0,1970.0,Manual,Used,Hardtop - Coupe,Premium Unleaded,1600.0,90
218,FORD, FAIRLANE Galaxy Skyliner,88000.0,1959.0,Automatic,Used,Convertible,Unleaded,,
219,TOYOTA, COROLLA ZZE123 Sportivo,14000.0,2003.0,Manual,Used,Hatchback,Premium Unleaded,1800.0,114
220,HSV, GTSR 2,210000.0,2017.0,Automatic,Used,Sedan,Premium Unleaded,6162.0,435
221,FORD, MUSTANG GT FN Fastback,68990.0,2018.0,Manual,Used,Hardtop - Coupe,Premium Unleaded,,
222,CITROEN, CX 2500 Gti,22500.0,1985.0,Automatic,Used,Fastback,Unleaded,2500.0,101KW
223,FORD, ECONOLINE 351 Windsor V8,43000.0,1982.0,Automatic,Used,Van,LPG,,
224,CHEVROLET, CHEVELLE,48000.0,1970.0,Automatic,Used,Hardtop - Coupe,Premium Unleaded,5700.0,
225,TOYOTA, CROWN S SPORTS SEDAN,,1965.0,,Used,Sedan,,,
226,HOLDEN, CAMIRA,,,,Used,Sedan,,,
227,LINCOLN, MKVII,30000.0,1988.0,Automatic,Used,Hardtop - Coupe,Premium Unleaded,5.0,5
228,HOLDEN, MONARO CV8,,2002.0,Manual,Used,Hardtop - Coupe,,,
229,TOYOTA, CROWN DELUXE CUSTOM,,1964.0,,Used,Hardtop - Coupe,,,
230,HOLDEN, HR,20000.0,,Manual,Used,Sedan,Leaded Petrol,,
231,CADILLAC, COUPE DE VILLE,,1972.0,,Used,Hardtop - Coupe,,,
232,CHEVROLET, CORVETTE,99990.0,1964.0,,Used,Roadster,Unleaded,5360.0,0
233,HSV, CLUBSPORT VT II,39990.0,1999.0,,Used,Sedan,,,
234,VOLKSWAGEN, TRANSPORTER TDI 340,18990.0,2012.0,Automatic,Used,Van,Diesel,2000.0,
235,MERCEDES-BENZ, E350,12500.0,2007.0,Automatic,Used,Sedan,Leaded Petrol,,
236,HOLDEN, STATESMAN WM,14999.0,2008.0,Automatic,Used,Cab Chassis,Premium Unleaded,,195
237,FORD, MUSTANG,42900.0,1965.0,,Used,Hardtop - Coupe,,,
238,BMW, 520D,34990.0,2011.0,,Used,Sedan,,,
239,FORD, F250,134990.0,2014.0,Automatic,Used,Ute,Diesel,,
240,FORD, LTD,10000.0,1987.0,,Used,Sedan,Unleaded,,
241,HSV, GTS Gen F,124988.0,2013.0,Manual,Used,Sedan,Premium Unleaded,,
242,MERCEDES-BENZ, C250 CDI,22990.0,2012.0,,Used,Hardtop - Coupe,,,
243,MERCEDES-BENZ, 450SL,24990.0,1979.0,Automatic,Used,Convertible,Unleaded,,
244,JAGUAR, 3.8 MKII,40000.0,1964.0,Automatic,Used,Sedan,,,
245,HYUNDAI, ILOAD TQ2-V,37990.0,2015.0,Automatic,Used,Van,Diesel,2500.0,
246,VOLKSWAGEN, TRANSPORTER 132 TDI LWB T5,26990.0,2012.0,Automatic,Used,Ute,Diesel,2000.0,
247,CHEVROLET, CORVETTE C2 STINGRAY,249990.0,1965.0,Manual,Used,Hardtop - Coupe,Leaded Petrol,6492.0,
248,MASERATI, INDY,126500.0,1971.0,,Used,Hardtop - Coupe,,,
249,JAGUAR, E-TYPE 1,259900.0,1965.0,Manual,Used,Hardtop - Coupe,,,
250,MERCEDES-BENZ, CLS 400,54990.0,2015.0,Automatic,Used,Hardtop - Coupe,Premium Unleaded,2996.0,
251,CHEVROLET, SILVERADO,139990.0,2015.0,Automatic,Used,Ute,Diesel,,
252,MASERATI, MERAK,114500.0,1974.0,,Used,Hardtop - Coupe,,,
253,FORD, TL50 1,35000.0,1999.0,Automatic,Used,Sedan,Premium Unleaded,5000.0,200
254,MERCEDES-BENZ, SLK R172,86990.0,2012.0,,Used,Roadster,,,
255,ALFA ROMEO, MONTREAL,175000.0,1974.0,Manual,Used,Hardtop - Coupe,Unleaded,2600.0,149
256,MASERATI, 3200,44990.0,2000.0,Automatic,Used,Hardtop - Coupe,Premium Unleaded,3217.0,
257,MERCEDES-BENZ, E-CLASS S212 MY13,34990.0,2013.0,,Used,Wagon,,,
258,FORD, MUSTANG GT,77000.0,1968.0,Automatic,Used,Fastback,Leaded Petrol,390.0,325
259,BMW, X1 E84 LCI MY0713,21990.0,2013.0,,Used,Wagon,,,
260,TOYOTA, HILUX SR SR5 GUN126R 4x4,59990.0,2016.0,Automatic,Used,Ute,Diesel,2800.0,
261,TOYOTA, COROLLA Conquest,12990.0,2010.0,Automatic,Used,Hatchback,Unleaded,1800.0,
262,FORD, F150 Harley Davidson Edition,79000.0,2012.0,,Used,Ute,,,
263,ROLLS-ROYCE, 20/25 HP OA,45000.0,1929.0,Manual,Used,Sedan,Unleaded,3800.0,
264,HOLDEN, MONARO GTS HQ,159000.0,1972.0,,Used,Hardtop - Coupe,,,
265,VOLKSWAGEN, CRAFTER 35 TDI 200 MWB,34990.0,2015.0,Manual,Used,Van,Diesel,2100.0,
266,AUDI, RS5,57990.0,2010.0,Automatic,Used,Hardtop - Coupe,Premium Unleaded,0.0,
267,BMW, X5,49990.0,2014.0,Automatic,Used,Wagon,Premium Unleaded,2979.0,
268,HSV, CLUBSPORT VT II,39990.0,1999.0,,Used,Sedan,,,
269,AUDI, RS5,109990.0,2013.0,,Used,Hardtop - Coupe,,,
270,MERCEDES-BENZ, S-CLASS W221 MY11,56990.0,2012.0,,Used,Sedan,,,
271,PORSCHE, CAYENNE,23990.0,,Automatic,Used,Wagon,Premium Unleaded,,
272,DATSUN, 240Z,100980.0,1970.0,Manual,Used,Hardtop - Coupe,Premium Unleaded,2753.0,
273,JAGUAR, XK140 DHC,199950.0,,Manual,Used,Hardtop - Coupe,,3442.0,
274,NISSAN, PATROL,29990.0,2009.0,Manual,Used,Wagon,Diesel,2953.0,
275,HSV, SENATOR SIGNATURE  HOLDEN  VT SENATOR SIGNATURE 220I,37000.0,1998.0,,Used,Sedan,,5700.0,
276,PORSCHE, 356 REPLICA,19990.0,,Manual,Used,Hardtop - Coupe,Unleaded,,
277,ROLLS-ROYCE, SILVER CLOUD III,84950.0,,Automatic,Used,Sedan,,6223.0,
278,LAND ROVER, DISCOVERY,21000.0,2007.0,Automatic,Used,Wagon,Unleaded,,
279,HOLDEN, COMMODORE VK - Commodore Brock Group 3 Replica,49990.0,1984.0,,Used,Sedan,,,
280,FORD, ESCORT,22990.0,1976.0,Automatic,Used,Sedan,Unleaded,1598.0,46
281,TOYOTA, LANDCRUISER GXL,42990.0,2010.0,Automatic,Used,Wagon,Diesel,4500.0,
282,MITSUBISHI, PAJERO 4x4,32990.0,2014.0,Automatic,Used,Wagon,Diesel,3200.0,
283,JAGUAR, XKR X150 MY12,89990.0,2012.0,,Used,Hardtop - Coupe,,,
284,MERCEDES-BENZ, 220SEB (WITH 280 ENGINE) W111,189950.0,1964.0,Automatic,Used,Convertible,,,
285,MERCEDES-BENZ, SL-CLASS R230 MY05,49990.0,2004.0,,Used,Roadster,,,
286,CHRYSLER, PLYMOUTH ROADRUNNER,60000.0,1971.0,Manual,Used,Hardtop - Coupe,Premium Unleaded,,
287,LAND ROVER, RANGE ROVER,129990.0,2015.0,Automatic,Used,Wagon,Diesel,4367.0,
288,MERCEDES-BENZ, ML400,59990.0,2014.0,Automatic,Used,Wagon,Premium Unleaded,2996.0,
289,JAGUAR, XJSC TWR,59500.0,1986.0,,Used,Convertible,,,
290,FORD, F150 LARIAT 4x4,179990.0,2020.0,Automatic,Used,Ute,Unleaded,5000.0,
291,HOLDEN, MONARO V2 Series III,89990.0,2004.0,Automatic,Used,Hardtop - Coupe,Unleaded,5700.0,245
292,CHEVROLET, C10,59888.0,1968.0,Automatic,Used,Ute,Premium Unleaded,350.0,
293,TRIUMPH, TR6,39500.0,1974.0,Manual,Used,Convertible,Unleaded,2498.0,112
294,CHRYSLER, CROSSFIRE ZH,18000.0,2005.0,Automatic,Used,Roadster,Premium Unleaded,3199.0,160
295,PORSCHE, 356SC,440000.0,1965.0,Manual,Used,Convertible,,1600.0,
296,OLDSMOBILE, 98,16500.0,1980.0,Automatic,Used,Sedan,Leaded Petrol,,
297,MITSUBISHI, PAJERO NS 25th Anniversary,22990.0,2008.0,Manual,Used,Wagon,,0.0,0
298,MINI, COOPER,9995.0,2008.0,,Used,Hatchback,Unleaded,,
299,CHEVROLET, CAMARO,129990.0,1968.0,Automatic,Used,Hardtop - Coupe,Unleaded,,
300,CHEVROLET, C10,59888.0,1968.0,Automatic,Used,Ute,Premium Unleaded,350.0,
301,MERCEDES-BENZ, E250 CDI W212,45990.0,2015.0,Automatic,Used,Sedan,Diesel,2143.0,
302,PONTIAC, BONNEVILLE,35990.0,1963.0,Automatic,Used,Convertible,Unleaded,,
303,FORD, TUDOR,42990.0,1935.0,Automatic,Used,Sedan,Unleaded,,
304,FORD, FALCON XA,95000.0,1972.0,Manual,Used,Hardtop - Coupe,Premium Unleaded,5800.0,
305,VOLKSWAGEN, T5 TRANSPORTER,29990.0,2010.0,,Used,Ute,Diesel,2000.0,
306,HONDA, CIVIC Type R,52988.0,2018.0,Manual,Used,Hatchback,Premium Unleaded,,
307,CHEVROLET, C10 1/2 Ton,27990.0,1968.0,Automatic,Used,Ute,Unleaded,,
308,PONTIAC, BONNEVILLE,39900.0,1961.0,,Used,Sedan,,,
309,JAGUAR, S-TYPE,22950.0,,,Used,Sedan,,,
310,MERCEDES-BENZ, SLK250,59990.0,2015.0,Automatic,Used,Convertible,Premium Unleaded,0.0,
311,CHEVROLET, SILVERADO,58990.0,2003.0,Automatic,Used,Ute,Unleaded,6000.0,
312,MERCEDES-BENZ, S-CLASS W222,109990.0,2013.0,,Used,Sedan,,,
313,FERRARI, 308 GTB Vetroresina,259950.0,1976.0,Manual,Used,Hardtop - Coupe,,2926.0,
314,HOLDEN, UTE VE II MY12,14990.0,2012.0,,Used,Ute,,,
315,MASERATI, INDY,126500.0,1971.0,,Used,Hardtop - Coupe,,,
316,PLYMOUTH, CRANBROOK,42990.0,1951.0,Manual,Used,Convertible,Unleaded,,
317,JAGUAR, XF,69990.0,2011.0,Automatic,Used,Sedan,Premium Unleaded,5000.0,
318,FORD, FAIRMONT GT XY,149000.0,1972.0,,Used,Sedan,,,
319,AUDI, Q5,28990.0,2014.0,Automatic,Used,Wagon,Diesel,3000.0,
320,VOLKSWAGEN, GOLF,16990.0,2009.0,Automatic,Used,Hatchback,Premium Unleaded,1984.0,
321,JAGUAR, XF,69990.0,2011.0,Automatic,Used,Sedan,Premium Unleaded,5000.0,
322,FORD, FAIRMONT GT XY,195000.0,1971.0,,Used,Sedan,,,
323,MERCEDES-BENZ, CL55,54990.0,2003.0,Automatic,Used,Hardtop - Coupe,Premium Unleaded,5439.0,
324,MERCEDES-BENZ, SL350,46990.0,2004.0,,Used,Convertible,,,
325,PORSCHE, CAYENNE,49990.0,2013.0,Tiptronic,Used,Wagon,Diesel,2967.0,
326,CHEVROLET, CORVETTE,123000.0,,Automatic,Used,Hardtop - Coupe,Premium Unleaded,,
327,TOYOTA, COROLLA ZRE152R,12990.0,2009.0,,Used,Sedan,,,
328,FORD, FALCON XH series 2 S model,22000.0,1997.0,Automatic,Used,Ute,Premium Unleaded,,
329,PORSCHE, 911 997 MY06,99999.0,2006.0,,Used,Convertible,,,
330,FORD, FPV BF 40th Anniversary GT,85000.0,2007.0,Manual,Used,Sedan,,,
331,LAMBORGHINI, JARAMA,349950.0,1971.0,Manual,Used,Hardtop - Coupe,,3929.0,
332,TOYOTA, CAMRY Hybrid,7990.0,2010.0,Automatic,Used,Sedan,Hybrid,2400.0,
333,HOLDEN, SPECIAL HR,65000.0,1967.0,,Used,Sedan,,,
334,FPV, GT BOSS 315 FG,43500.0,2008.0,,Used,Sedan,,,
335,HOLDEN, HX GTS Clone,50000.0,1977.0,Manual,Used,Sedan,Premium Unleaded,4200.0,
336,IVECO, DAILY 4x2,48990.0,2020.0,Automatic,Used,Van,Diesel,2300.0,
337,FORD, FAIRLANE ZD,82500.0,1971.0,,Used,Sedan,,,
338,INFINITI, M30D Y51,26990.0,2013.0,,Used,Sedan,,,
339,FORD, MUSTANG FM MY17,76990.0,2016.0,Manual,Used,Hardtop - Coupe,Premium Unleaded,4950.0,306
340,MERCEDES-BENZ, C220,19990.0,2011.0,Automatic,Used,Sedan,Diesel,2148.0,
341,DODGE, FARGO,65000.0,1934.0,Automatic,Used,Ute,Unleaded,4949.0,
342,CITROEN, C4 B7,11990.0,2014.0,,Used,Hatchback,,,
343,MERCEDES-BENZ, E-CLASS S212 MY13,34990.0,2013.0,,Used,Wagon,,,
344,TOYOTA, CORONA,9950.0,,,Used,Sedan,,,
345,MORGAN, PLUS 8,78500.0,1980.0,,Used,Roadster,,,
346,LAND ROVER, RANGE ROVER SPORT TDV6 MY11,32990.0,2011.0,Automatic,Used,Wagon,Diesel,2993.0,
347,AUDI, Q7,34990.0,2012.0,Tiptronic,Used,Wagon,Diesel,2967.0,
348,MERCEDES-BENZ, B-CLASS W245,9990.0,2005.0,,Used,Hatchback,,,
349,MERCEDES-BENZ, 560,119990.0,1986.0,Automatic,Used,Convertible,Unleaded,5547.0,
350,PORSCHE, CAYENNE,69990.0,2015.0,Tiptronic,Used,Wagon,Diesel,2967.0,
351,STUDEBAKER, ER,6000.0,1922.0,Manual,Used,Tourer,Leaded Petrol,,
352,HOLDEN, TORANA LH,119990.0,1975.0,Automatic,Used,Sedan,Unleaded,4142.0,138
353,AUDI, Q7,34990.0,2012.0,Tiptronic,Used,Wagon,Diesel,2967.0,
354,CHEVROLET, BAKERS VAN,39500.0,1936.0,Manual,Used,Panel Van,,,
355,MERCEDES-BENZ, E250 CDI W212,45990.0,2015.0,Automatic,Used,Sedan,Diesel,2143.0,
356,ISUZU, BELLETT,4500.0,1968.0,Manual,Used,Sedan,Leaded Petrol,1500.0,
357,OLDSMOBILE, 98,57900.0,1956.0,,Used,Hardtop - Coupe,,,
358,BMW, 5 SERIES F10 LCI,39990.0,2015.0,,Used,Sedan,,,
359,PORSCHE, MACAN,74990.0,2015.0,Automatic,Used,Wagon,Diesel,2967.0,
360,VOLKSWAGEN, TRANSPORTER T5 LWB,16990.0,,Automatic,Used,Van,Diesel,2000.0,
361,DODGE, CHALLENGER SRT8,148000.0,2010.0,Manual,Used,Hardtop - Coupe,Premium Unleaded,6100.0,317
362,BMW, 1 SERIES E82 LCI MY13,24990.0,2013.0,,Used,Hardtop - Coupe,,,
363,FERRARI, 400,149990.0,1979.0,Automatic,Used,Hardtop - Coupe,Leaded Petrol,4823.0,
364,BMW, 523I Executive,9990.0,1997.0,Automatic,Used,Sedan,Unleaded,2500.0,
365,FORD, FALCON XH series 2 S model,22000.0,1997.0,Automatic,Used,Ute,Premium Unleaded,,
366,DODGE, CHALLENGER,99990.0,1970.0,Manual,Used,Hardtop - Coupe,Unleaded,,
367,JEEP, WRANGLER,59990.0,2018.0,Manual,Used,Convertible,Unleaded,3604.0,
368,HOLDEN, GEMINI SL/E,2800.0,1985.0,Manual,Used,Sedan,Leaded Petrol,,
369,BMW, 130I,24990.0,2009.0,Steptronic,Used,Hatchback,Unleaded,2996.0,
370,MERCEDES-BENZ, CL63,79990.0,2008.0,Automatic,Used,Hardtop - Coupe,Premium Unleaded,6208.0,
371,MERCEDES-BENZ, C220,19990.0,2011.0,Automatic,Used,Sedan,Diesel,2148.0,
372,VOLKSWAGEN, CADDY TSI160 SWB,16990.0,2015.0,Manual,Used,Van,Unleaded,1200.0,
373,BMW, 3 SERIES E46 MY05,14990.0,2005.0,,Used,Convertible,,,
374,SUBARU, L SERIES Touring Wagon,1950.0,1983.0,Automatic,Used,Wagon,Unleaded,1800.0,
375,FORD, ROADSTER,40000.0,,Automatic,Used,Roadster,Unleaded,,
376,TOYOTA, CAMRY Altise,7990.0,2008.0,Automatic,Used,Sedan,Unleaded,2400.0,
377,MAZDA, RX7 2,39000.0,1983.0,Manual,Used,Hatchback,Unleaded,,
378,MERCEDES-BENZ, 380,29990.0,1984.0,Automatic,Used,Sedan,Leaded Petrol,3839.0,
379,HOLDEN, TORANA LC GTR,145000.0,1970.0,Automatic,Used,Hardtop - Coupe,Premium Unleaded,,
380,CHEVROLET, STYLELINE DELUXE TIN WOODY,59990.0,1951.0,Manual,Used,Wagon,Unleaded,,
381,VOLKSWAGEN, TRANSPORTER T5 LWB,16990.0,,Automatic,Used,Van,Diesel,2000.0,
382,CHEVROLET, MALIBU,42900.0,1967.0,,Used,Sedan,,,
383,MERCEDES-BENZ, E250,49990.0,2011.0,Automatic,Used,Convertible,Diesel,2143.0,
384,CADILLAC, ESCALADE,149990.0,2007.0,Automatic,Used,Wagon,Leaded Petrol,0.0,
385,CHEVROLET, CORVETTE C3 25th anniversary limited edition,33990.0,1978.0,Automatic,Used,Hardtop - Coupe,Premium Unleaded,350.0,
386,JEEP, WRANGLER Sport,8999.0,1998.0,Manual,Used,Soft Top,,,
387,CHRYSLER, VALIANT CHARGER XL SPORTSMAN VJ,125000.0,1975.0,,Used,Hardtop - Coupe,,,
388,BENTLEY, CONTINENTAL,389990.0,2018.0,Automatic,Used,Hardtop - Coupe,Premium Unleaded,0.0,
389,FORD, MUSTANG,35000.0,1966.0,Manual,Used,Hardtop - Coupe,Unleaded,,
390,CHEVROLET, STYLELINE DELUXE TIN WOODY,59990.0,1951.0,Manual,Used,Wagon,Unleaded,,
391,MERCEDES-BENZ, 450SL,15990.0,1974.0,Automatic,Used,Roadster,Unleaded,,
392,HSV, GRANGE VS Series II,49500.0,1996.0,,Used,Sedan,,,
393,MERCEDES-BENZ, 560,99990.0,1989.0,Automatic,Used,Hardtop - Coupe,Unleaded,5547.0,
394,TOYOTA, LANDCRUISER GXL VDJ200R,49990.0,2014.0,Automatic,Used,Wagon,Diesel,4500.0,
395,TOYOTA, LANDCRUISER GXL,75990.0,2015.0,Manual,Used,Wagon,Diesel,4500.0,
396,MERCEDES-BENZ, SL350,46990.0,2004.0,,Used,Convertible,,,
397,CHEVROLET, C10 1/2 Ton,27990.0,1968.0,Automatic,Used,Ute,Unleaded,,
398,VOLKSWAGEN, AMAROK 2H MY12.5,22990.0,2012.0,,Used,Ute,,,
399,VOLKSWAGEN, EOS,21990.0,2012.0,Automatic,Used,Convertible,Premium Unleaded,1984.0,
400,MERCEDES-BENZ, 450SL,15990.0,1974.0,Automatic,Used,Roadster,Unleaded,,
401,MERCEDES-AMG, GLE 292 MY17,124990.0,2017.0,Automatic,Used,Wagon,Premium Unleaded,5461.0,430
402,AUDI, A4 B8 8K,14990.0,2008.0,,Used,Sedan,,,
403,MERCEDES-BENZ, S350 W221,18990.0,2006.0,Automatic,Used,Sedan,Premium Unleaded,3500.0,200
404,FORD, FAIRMONT Xc,69500.0,1978.0,,Used,Sedan,,,
405,MERCEDES-BENZ, S350,29990.0,2010.0,Automatic,Used,Sedan,Premium Unleaded,3498.0,
406,HOLDEN, EJ PREMIER,84888.0,1963.0,Automatic,Used,Sedan,Unleaded,,
407,AUDI, S8,160000.0,2016.0,Tiptronic,Used,Sedan,,,445
408,FORD, FALCON FG,24990.0,2008.0,Manual,Used,Sedan,Unleaded,3984.0,
409,MERCEDES-BENZ, C250,22500.0,2013.0,Automatic,Used,Sedan,Premium Unleaded,,
410,BMW, Z4 E85 MY05,24990.0,2006.0,,Used,Roadster,,,
411,FPV, F6 TYPHOON BA MKII,30000.0,2004.0,Manual,Used,Sedan,,3984.0,270
412,PONTIAC, BONNEVILLE,84990.0,1963.0,Manual,Used,Convertible,Unleaded,,
413,CHRYSLER, CL,49000.0,1977.0,Automatic,Used,Ute,Premium Unleaded,5200.0,
414,CHEVROLET, SEDAN,30950.0,,,Used,Sedan,,,
415,LEYLAND, MINI Van,25000.0,1978.0,Manual,Used,Panel Van,Unleaded,,
416,AUSTIN HEALEY, 3000 MK III BJ8,139990.0,1965.0,Manual,Used,Convertible,Leaded Petrol,2912.0,
417,PORSCHE, 911 CARRERA 2.7,132000.0,1975.0,,Used,Hardtop - Coupe,,,
418,HSV, GTS Gen F,119985.0,2015.0,Manual,Used,Sedan,Premium Unleaded,,
419,LOTUS, ELISE,69990.0,2015.0,Manual,Used,Roadster,Premium Unleaded,1796.0,
420,MINERVA, ROADSTER,229990.0,1923.0,Manual,Used,Roadster,Leaded Petrol,0.0,
421,DODGE, CHALLENGER,99990.0,1970.0,Manual,Used,Hardtop - Coupe,Unleaded,,
422,FORD, FOCUS RS,48988.0,2017.0,Manual,Used,Hatchback,Premium Unleaded,,
423,FORD, DELUXE Woodie,174990.0,1940.0,Automatic,Used,Wagon,Unleaded,,
424,MERCEDES-BENZ, CLS 250D,69990.0,2017.0,Automatic,Used,Hardtop - Coupe,Diesel,2143.0,
425,SUZUKI, GRAND VITARA 4x4 XL-7,6990.0,2001.0,Automatic,Used,Wagon,Unleaded,2700.0,
426,VOLKSWAGEN, AMAROK,34990.0,2015.0,Automatic,Used,Ute,Diesel,1968.0,
427,BMW, E30 325I,13700.0,1988.0,Manual,Used,Hardtop - Coupe,Unleaded,,
428,MERCEDES-BENZ, S500,119990.0,2014.0,Automatic,Used,Sedan,Premium Unleaded,4663.0,
429,HSV, CLUBSPORT R8 VX,55000.0,2001.0,Automatic,Used,Sedan,,,
430,HUMBER, VOGUE 3,10000.0,1995.0,Automatic,Used,Sedan,Leaded Petrol,1600.0,60
431,FERRARI, 328,269990.0,1988.0,Manual,Used,Hardtop - Coupe,Premium Unleaded,3185.0,
432,FPV, F6 TYPHOON BA MKII,30000.0,2004.0,Manual,Used,Sedan,,3984.0,270
433,ASTON MARTIN, V8,119990.0,2010.0,Automatic,Used,Hardtop - Coupe,Premium Unleaded,4735.0,
434,AUSTIN HEALEY, 3000 MK III BJ8,139990.0,1965.0,Manual,Used,Convertible,Leaded Petrol,2912.0,
435,MG, TD Roadster,39500.0,1952.0,,Used,Convertible,,,
436,HSV, GTO VZ,129990.0,2004.0,Automatic,Used,Hardtop - Coupe,,,
437,MERCEDES-BENZ, C200,49990.0,2015.0,Automatic,Used,Sedan,Premium Unleaded,1991.0,
438,JAGUAR, XE,49990.0,2016.0,Automatic,Used,Sedan,Premium Unleaded,1999.0,
439,CHEVROLET, CORVETTE,123000.0,,Automatic,Used,Hardtop - Coupe,Premium Unleaded,,
440,CHEVROLET, CAPRICE,49990.0,1969.0,,Used,Hardtop - Coupe,,,
441,LAMBORGHINI, MURCIELAGO LP640,429950.0,2007.0,,Used,Hardtop - Coupe,,,
442,MERCEDES-BENZ, A45 176 MY15,43990.0,2015.0,Automatic,Used,Hatchback,Premium Unleaded,1991.0,
443,HOLDEN, COMMODORE SS 2,17500.0,2010.0,Automatic,Used,Sedan,Unleaded,6000.0,260
444,MERCEDES-BENZ, S350,79990.0,2014.0,Automatic,Used,Sedan,Diesel,2987.0,
445,JAGUAR, F-PACE,74990.0,2016.0,Automatic,Used,Wagon,Diesel,2993.0,
446,MERCEDES-BENZ, R-CLASS,26990.0,2010.0,Automatic,Used,Wagon,Diesel,0.0,
447,AUDI, RS7,109990.0,2014.0,Automatic,Used,Hatchback,Premium Unleaded,3993.0,
448,FORD, FALCON  FALCON FG XR50,16500.0,2010.0,Manual,Used,Sedan,Unleaded,,
449,HOLDEN, HX GTS Clone,50000.0,1977.0,Manual,Used,Sedan,Premium Unleaded,4200.0,
450,JAGUAR, SOVEREIGN Series III,13900.0,1984.0,Automatic,Used,Sedan,Unleaded,4200.0,
451,MAZDA, RX3,160000.0,,Automatic,Used,Sedan,,,
452,JEEP, WRANGLER UNLIMITED,44990.0,2015.0,Manual,Used,Convertible,Unleaded,3604.0,
453,BMW, 750I M-SPORT,59990.0,2009.0,,Used,Sedan,,,
454,PEUGEOT, 308 T7,19990.0,2011.0,,Used,Convertible,,,
455,VOLKSWAGEN, CADDY MAXI TDI250,18990.0,2013.0,,Used,Van,Diesel,1600.0,
456,MERCEDES-BENZ, S400,129990.0,2016.0,Automatic,Used,Sedan,Premium Unleaded,2996.0,
457,BMW, X5 X Drive 30D M Sport,64990.0,2013.0,,Used,Wagon,,,
458,PACKARD, 1703,94990.0,1939.0,Manual,Used,Convertible,Unleaded,,
459,DATSUN, 240Z,100980.0,1970.0,Manual,Used,Hardtop - Coupe,Premium Unleaded,2753.0,
460,VOLKSWAGEN, BEACH BUGGY Myer Manx,50000.0,1966.0,,Used,Open Wheeler,,1600.0,
461,CHEVROLET, CORVETTE Sting Ray,74990.0,1967.0,Manual,Used,Convertible,Unleaded,,
462,FORD, RANGER XLT 4x4 Supercab,39990.0,2014.0,Automatic,Used,Ute,Diesel,3200.0,
463,ASTON MARTIN, V12,157990.0,2002.0,Sequential Manual Auto,Used,Hardtop - Coupe,Premium Unleaded,5935.0,
464,MERCEDES-BENZ, A45 176 MY15,43990.0,2015.0,Automatic,Used,Hatchback,Premium Unleaded,1991.0,
465,HYUNDAI, IMAX,14990.0,2013.0,Automatic,Used,Wagon,Unleaded,2400.0,
466,PONTIAC, BONNEVILLE,35990.0,1963.0,Automatic,Used,Convertible,Unleaded,,
467,CADILLAC, FLEETWOOD 75,39000.0,1963.0,Automatic,Used,Limousine,Premium Unleaded,390.0,
468,HOLDEN, HX GTS Clone,50000.0,1977.0,Manual,Used,Sedan,Premium Unleaded,4200.0,
469,FORD, F100 [Empty],59990.0,1977.0,,Used,Ute,Unleaded,,
470,MAZDA, CX-7,6990.0,2008.0,Manual,Used,Wagon,,0.0,0
471,CHEVROLET, BEL AIR,44990.0,1955.0,Automatic,Used,Hardtop - Coupe,Unleaded,,
472,FORD, FAIRLANE 500,39900.0,1967.0,Automatic,Used,Hardtop - Coupe,,4727.0,
473,MERCEDES-BENZ, VITO 111 CDI LWB,29990.0,2015.0,Manual,Used,Van,Diesel,1600.0,
474,CHRYSLER, VALIANT CHARGER VH R/T E49,265000.0,1972.0,,Used,Hardtop - Coupe,,,
475,MAZDA, 1300,34990.0,1975.0,Manual,Used,Sedan,Unleaded,1272.0,44
476,VOLKSWAGEN, T5 TRANSPORTER TDI250,23990.0,2012.0,Manual,Used,Van,Diesel,2000.0,
477,MERCEDES-BENZ, SLK320,19500.0,2001.0,Automatic,Used,Convertible,Unleaded,,
478,MERCEDES-BENZ, GL 500,48880.0,2009.0,,Used,Wagon,,,
479,AUDI, A8,69990.0,2017.0,Tiptronic,Used,Sedan,Diesel,2976.0,
480,FORD, TORINO Talladega,95000.0,1969.0,,Used,Hardtop - Coupe,,,
481,PORSCHE, 911 996 MY02,49990.0,2002.0,,Used,Convertible,,,
482,FORD, ECONOVAN,10000.0,,Manual,Used,Van,Premium Unleaded,,
483,FORD, FAIRLANE 500 ZH,21500.0,1978.0,Automatic,Used,Sedan,Premium Unleaded,5800.0,
484,CHRYSLER, 300 SRT8,45000.0,2012.0,,Used,Sedan,,,
485,AUDI, A4 B8 8K,14990.0,2008.0,,Used,Sedan,,,
486,FORD, GALAXIE XL,38000.0,1968.0,Automatic,Used,Hardtop - Coupe,,6981.0,
487,HOLDEN, KINGSWOOD HQ,104990.0,1973.0,Automatic,Used,Sedan,Unleaded,5047.0,179
488,CADILLAC, ELDORADO BIARRITZ 62,110000.0,1962.0,Automatic,Used,Convertible,Unleaded,,
489,CHEVROLET, BELAIR Wagon,54850.0,1964.0,Automatic,Used,Wagon,Premium Unleaded,350.0,350
490,MORRIS, MINOR 2,6500.0,1955.0,,Used,Sedan,,,
491,LAND ROVER, RANGE ROVER,98990.0,2016.0,Automatic,Used,Wagon,Diesel,4367.0,
492,BMW, X6,79990.0,2016.0,Automatic,Used,Hardtop - Coupe,Diesel,2993.0,
493,CHEVROLET, SEDAN,30950.0,,,Used,Sedan,,,
494,BMW, 3 SERIES E93 MY08,22990.0,2007.0,,Used,Convertible,,,
495,BMW, X5,59990.0,2014.0,Automatic,Used,Wagon,Diesel,2993.0,
496,CHEVROLET, CORVETTE C4,34000.0,1987.0,Automatic,Used,Targa,Unleaded,350.0,
497,AUDI, Q5 8R MY15,33990.0,2015.0,,Used,Wagon,,,
498,MERCEDES-BENZ, GLA-CLASS X156,32990.0,2014.0,,Used,Wagon,,,
499,SUBARU, LIBERTY,19900.0,,Manual,Used,Sedan,Premium Unleaded,,
500,TOYOTA, LANDCRUISER VDJ200R MY16,94990.0,2016.0,Automatic,Used,Wagon,Diesel,4461.0,200
501,HOLDEN, COMMODORE VN Calais,39990.0,1990.0,,Used,Sedan,,,
502,MERCEDES-BENZ, E400,59990.0,2013.0,Automatic,Used,Hardtop - Coupe,Premium Unleaded,2996.0,
503,AUDI, A8,39990.0,2011.0,Tiptronic,Used,Sedan,Diesel,2976.0,
504,LEYLAND, MINI CLUBMAN,15400.0,1978.0,Manual,Used,Sedan,Leaded Petrol,998.0,30
505,MASERATI, GRANTURISMO,159990.0,2016.0,Automatic,Used,Hardtop - Coupe,Premium Unleaded,0.0,
506,CHRYSLER, DODGE VG,35000.0,,,Used,Ute,Unleaded,5200.0,
507,PEUGEOT, 3008 T8 MY13,16990.0,2014.0,,Used,Hatchback,,,
508,SAAB, 9-3 440 MY,11990.0,2008.0,,Used,Sedan,,,
509,HOLDEN, TORANA LH,119990.0,1975.0,Automatic,Used,Sedan,Unleaded,4142.0,138
510,HOLDEN, EXECUTIVE VL,15000.0,,Automatic,Used,Wagon,Unleaded,,
511,PORSCHE, 911 996 Carrera 4,53990.0,1998.0,Automatic,Used,Convertible,Unleaded,3400.0,
512,FORD, LTD [Empty],52990.0,1978.0,Automatic,Used,Hardtop - Coupe,Unleaded,,
513,FORD, GALAXIE XL,38000.0,1968.0,Automatic,Used,Hardtop - Coupe,,6981.0,
514,HOLDEN, TORANA LC GTR,145000.0,1970.0,Automatic,Used,Hardtop - Coupe,Premium Unleaded,,
515,BMW, M4,84990.0,2016.0,Automatic,Used,Hardtop - Coupe,Premium Unleaded,2979.0,
516,HYUNDAI, IMAX,14990.0,2013.0,Automatic,Used,Wagon,Unleaded,2400.0,
517,HOLDEN, VS COMMODORE,3300.0,1996.0,,Used,Sedan,,,
518,COBRA, CHASSIS AC,38000.0,2012.0,Automatic,New,Cab Chassis,,,
519,CHEVROLET, CAMARO,129990.0,1968.0,Automatic,Used,Hardtop - Coupe,Unleaded,,
520,AUDI, S4 CABRIOLET 2+2,25000.0,2005.0,Tiptronic,Used,Convertible,Premium Unleaded,4200.0,253
521,MERCEDES-BENZ, E250,29990.0,2010.0,Automatic,Used,Hardtop - Coupe,Premium Unleaded,1796.0,
522,PORSCHE, PANAMERA,224990.0,2018.0,Automatic,Used,Wagon,Premium Unleaded,2894.0,
523,FORD, MUSTANG K-code 289 HiPo,85000.0,1965.0,,Used,Hardtop - Coupe,,,
524,HSV, SENATOR VX,70000.0,2001.0,,Used,Sedan,,,
525,CHEVROLET, BEL AIR Hardtop,52990.0,1955.0,Automatic,Used,Hardtop - Coupe,Unleaded,,
526,FORD, FALCON XA,95000.0,1972.0,Manual,Used,Hardtop - Coupe,Premium Unleaded,5800.0,
527,VOLKSWAGEN, AMAROK,34990.0,2015.0,Automatic,Used,Ute,Diesel,1968.0,
528,SAAB, 9-3 440 MY,11990.0,2008.0,,Used,Sedan,,,
529,CHEVROLET, CORVETTE C3 25th anniversary limited edition,33990.0,1978.0,Automatic,Used,Hardtop - Coupe,Premium Unleaded,350.0,
530,FORD, MUSTANG Shelby GT500,115000.0,2007.0,,Used,Hardtop - Coupe,,,
531,SAAB, 9-3 Aero,16500.0,2007.0,Sequential Manual Auto,Used,Convertible,Premium Unleaded,2800.0,184
532,MERCEDES-BENZ, E350,12500.0,2007.0,Automatic,Used,Sedan,Leaded Petrol,,
533,MERCURY, MARQUIS,39900.0,1977.0,Automatic,Used,Hardtop - Coupe,Unleaded,6590.0,
534,FORD, MUSTANG GT,38990.0,1996.0,Automatic,Used,Hardtop - Coupe,Unleaded,4600.0,
535,VOLKSWAGEN, CADDY,14990.0,2009.0,Automatic,Used,Van,Diesel,1900.0,
536,NISSAN, MAXIMA TI,7990.0,,Automatic,Used,Sedan,Unleaded,3500.0,
537,TD 2000, 2.0 LITRE,29900.0,1989.0,Manual,Used,Roadster,Unleaded,2000.0,
538,BMW, 118I,27990.0,2016.0,Automatic,Used,Hatchback,Premium Unleaded,1499.0,
539,HOLDEN, COMMODORE  COMMODORE VF MOTORSPORT EDITION,135000.0,2017.0,Automatic,Used,Sedan,Premium Unleaded,,
540,FORD, F150 Platinum 4x4,148990.0,2016.0,Automatic,Used,Ute,Unleaded,5000.0,
541,MINI, COOPER,19990.0,2008.0,Manual,Used,Hatchback,Unleaded,1598.0,
542,MERCEDES-BENZ, 500SEL W140,16990.0,1992.0,Automatic,Used,Sedan,Unleaded,4973.0,
543,ASTON MARTIN, DB2/4 Mk 1,209950.0,1955.0,Manual,Used,Hardtop - Coupe,,2580.0,
544,PORSCHE, 356,44990.0,1960.0,Manual,Used,Convertible,Unleaded,1582.0,45
545,DODGE, CHALLENGER,87990.0,1970.0,,Used,Fastback,,,
546,FERRARI, 360 SPIDER,213000.0,2002.0,,Used,Convertible,,,
547,BMW, 3 SERIES E92 MY10,19990.0,2009.0,,Used,Hardtop - Coupe,,,
548,MERCEDES-BENZ, GLA-CLASS X156,37990.0,2017.0,,Used,Wagon,,,
549,CHEVROLET,  COUPE Master 85,28000.0,1939.0,Manual,Used,Hardtop - Coupe,Unleaded,,
550,MERCURY, MARQUIS,39900.0,1977.0,Automatic,Used,Hardtop - Coupe,Unleaded,6590.0,
551,RENAULT, MASTER,33990.0,2015.0,Automatic,Used,Van,Diesel,2300.0,
552,AUDI, A8 4H MY16,59990.0,2015.0,,Used,Sedan,,,
553,TOYOTA, HIACE KDH221R HIGH ROOF SUPER LWB,36990.0,2015.0,Automatic,Used,Van,Diesel,3000.0,
554,JAGUAR, XJS,32500.0,1984.0,Automatic,Used,Hardtop - Coupe,Unleaded,5345.0,198
555,FORD, F100 1/2 Ton,59990.0,1969.0,Automatic,Used,Ute,Unleaded,,
556,CHEVROLET,  COUPE Master 85,28000.0,1939.0,Manual,Used,Hardtop - Coupe,Unleaded,,
557,PORSCHE, BOXSTER 987 MY10,59990.0,2010.0,,Used,Convertible,,,
558,HSV, SENATOR  VR Senator,25000.0,1994.0,Automatic,Used,Sedan,Premium Unleaded,,
559,BENTLEY, CONTINENTAL,389990.0,2018.0,Automatic,Used,Hardtop - Coupe,Premium Unleaded,0.0,
560,JAGUAR, S-TYPE,22950.0,,,Used,Sedan,,,
561,PONTIAC, BONNEVILLE,39900.0,1961.0,,Used,Sedan,,,
562,FORD, FAIRLANE 500,21500.0,,Automatic,Used,Sedan,Premium Unleaded,5800.0,
563,FPV, GT-P FG,88990.0,2011.0,Automatic,Used,Sedan,,,
564,JAGUAR, E-TYPE 1,199950.0,1961.0,Manual,Used,Convertible,,,
565,SAAB, 9-3 442 MY,14990.0,2006.0,,Used,Convertible,,,
566,AUDI, Q2,39990.0,2017.0,Automatic,Used,Wagon,Unleaded,1400.0,
567,HOLDEN, COMMODORE VB,24000.0,1979.0,Automatic,Used,Sedan,Leaded Petrol,,
568,MERCEDES-BENZ, S550,39990.0,2015.0,Automatic,Used,Sedan,Unleaded,,
569,AUDI, S8,160000.0,2016.0,Tiptronic,Used,Sedan,,,445
570,LAMBORGHINI, MURCIELAGO LP640,429950.0,2007.0,,Used,Hardtop - Coupe,,,
571,BENTLEY, FLYING SPUR,269990.0,2017.0,Automatic,Used,Sedan,Premium Unleaded,3993.0,
572,LEXUS, CT 200H HYBRID,18990.0,2012.0,CVT,Used,Hatchback,Unleaded,1798.0,
573,CHEVROLET, CORVETTE,169990.0,1968.0,Manual,Used,Roadster,Leaded Petrol,6966.0,
574,HOLDEN, TORANA LC COUPE,45000.0,1971.0,Manual,Used,Sedan,Leaded Petrol,2200.0,5
575,HSV, CLUBSPORT R8 VX,55000.0,2001.0,Automatic,Used,Sedan,,,
576,HOLDEN, RODEO DLX,5990.0,1989.0,Manual,Used,Cab Chassis,Diesel,2800.0,
577,FORD, F100 Pick Up truck,69000.0,1955.0,,Used,Ute,,,
578,NISSAN, MAXIMA TI,7990.0,,Automatic,Used,Sedan,Unleaded,3500.0,
579,MCLAREN, 570S,399990.0,2020.0,,Used,Convertible,,,
580,ASTON MARTIN, DBS Vantage,228000.0,1969.0,,Used,Hardtop - Coupe,,,
581,CHRYSLER, CL,45000.0,1977.0,Automatic,Used,Ute,Premium Unleaded,5200.0,
582,TOYOTA, CORONA,9950.0,,,Used,Sedan,,,
583,FORD, RANGER PX MKII XLT Double Cab,50990.0,2016.0,Automatic,Used,Ute,Diesel,3200.0,
584,BMW, X3,29990.0,2013.0,Automatic,Used,Wagon,Diesel,1995.0,
585,CHEVROLET, CORVETTE,38900.0,1982.0,,Used,Targa,,,
586,CHRYSLER, VALIANT CM Regal,27500.0,1980.0,,Used,Sedan,,,
587,JAGUAR, MK IV SE,32990.0,1947.0,Manual,Used,Sedan,Leaded Petrol,0.0,
588,VOLKSWAGEN, CADDY,14990.0,2009.0,Automatic,Used,Van,Diesel,1900.0,
589,BUICK, ELECTRA 225,29990.0,1964.0,Automatic,Used,Convertible,Unleaded,,
590,HOLDEN, CALAIS-V Holden Calais V VF,33500.0,2013.0,Automatic,Used,Sedan,Premium Unleaded,,
591,AUDI, RS7,109990.0,2014.0,Automatic,Used,Hatchback,Premium Unleaded,3993.0,
592,BMW, X5,47990.0,2014.0,Automatic,Used,Wagon,Diesel,1995.0,
593,MERCEDES-BENZ, S350,79990.0,2014.0,Automatic,Used,Sedan,Diesel,2987.0,
594,LAND ROVER, RANGE ROVER,37990.0,2010.0,Automatic,Used,Wagon,Diesel,2993.0,
595,FORD, ESCORT Mk1 RS2000,120000.0,1974.0,,Used,Hardtop - Coupe,,,
596,CHRYSLER, VALIANT CHARGER XL SPORTSMAN VJ,125000.0,1975.0,,Used,Hardtop - Coupe,,,
597,FORD, VICTORIA,34990.0,1951.0,Automatic,Used,Hardtop - Coupe,Unleaded,,
598,MG, TF 80th Anniversary S.E. TF 120,19975.0,2004.0,CVT,Used,Convertible,Premium Unleaded,1796.0,88
599,LAMBORGHINI, MURCIELAGO SV LP670-4,699990.0,2010.0,,Used,Hardtop - Coupe,,,
600,HOLDEN, HK Premier,95000.0,1969.0,Automatic,Used,Sedan,Premium Unleaded,307.0,149
601,FORD, F250,134990.0,2014.0,Automatic,Used,Ute,Diesel,,
602,BMW, X5,59990.0,2014.0,Automatic,Used,Wagon,Diesel,2993.0,
603,FORD, FALCON XR6,19950.0,2011.0,,Used,Ute,,,
604,MGB, MARK 1,22000.0,1965.0,Manual,Used,Soft Top,,,
605,FORD, FALCON XY GS,125000.0,1971.0,,Used,Ute,,,
606,ALFA ROMEO, MONTREAL,175000.0,1974.0,Manual,Used,Hardtop - Coupe,Unleaded,2600.0,149
607,BMW, 523I Executive,9990.0,1997.0,Automatic,Used,Sedan,Unleaded,2500.0,
608,FORD, FALCON FG,49990.0,2011.0,Automatic,Used,Sedan,Premium Unleaded,5000.0,8
609,FPV, F6 TYPHOON BF MK II,49990.0,2008.0,,Used,Sedan,,,
610,MERCEDES-BENZ, C-CLASS W205,46990.0,2015.0,,Used,Sedan,,,
611,FORD, HI-BOY,37990.0,1932.0,Automatic,Used,Roadster,Unleaded,,
612,PORSCHE, 356,44990.0,1960.0,Manual,Used,Convertible,Unleaded,1582.0,45
613,MITSUBISHI, TRITON,24880.0,2015.0,Automatic,Used,Ute,Diesel,0.0,
614,PORSCHE, 911 996 Carrera 4,53990.0,1998.0,Automatic,Used,Convertible,Unleaded,3400.0,
615,NISSAN, PATROL,33850.0,2006.0,,Used,Ute,,,
616,PONTIAC, PARISIENNE,39995.0,1968.0,Manual,Used,Sedan,,,
617,FORD, HOT ROD 3 Window,85000.0,1934.0,Automatic,Used,Hardtop - Coupe,Unleaded,351.0,450
618,CHEVROLET, CORVETTE Sting-Ray,225000.0,1963.0,Manual,Used,Hardtop - Coupe,Unleaded,,
619,FORD, GALAXIE 500 XL,47900.0,,,Used,Hardtop - Coupe,,,
620,AUDI, TT 8J,32990.0,2007.0,,Used,Roadster,,,
621,MAZDA, RX8,25000.0,2005.0,Automatic,Used,Hardtop - Coupe,Premium Unleaded,1308.0,
622,LAND ROVER, RANGE ROVER,87990.0,2017.0,Automatic,Used,Wagon,Diesel,2993.0,
623,FORD, FAIRLANE EF,65000.0,1995.0,Automatic,Used,Limousine,Unleaded,5000.0,216
624,LAND ROVER, RANGE ROVER,99990.0,2014.0,Automatic,Used,Wagon,Diesel,4367.0,
625,JAGUAR, E-TYPE 1,259900.0,1965.0,Manual,Used,Hardtop - Coupe,,,
626,FORD, MUSTANG,43990.0,1967.0,Automatic,Used,Hardtop - Coupe,Unleaded,4735.0,202
627,HOLDEN, COMMODORE Brock VK Monza,29500.0,1985.0,,Used,Hardtop - Coupe,,,
628,HOLDEN, COMMODORE SS VF series II,75000.0,2016.0,Automatic,Used,Wagon,Premium Unleaded,6200.0,407
629,MERCEDES-BENZ, C200 AVANTGARDE,37990.0,2014.0,Automatic,Used,Sedan,Premium Unleaded,1991.0,
630,BMW, X1 E84 LCI MY0713,21990.0,2013.0,,Used,Wagon,,,
631,MERCEDES-BENZ, VITO 111 CDI LWB,29990.0,2015.0,Manual,Used,Van,Diesel,1600.0,
632,MG, B,25500.0,1970.0,Manual,Used,Roadster,Unleaded,1798.0,0
633,FIAT ABARTH, 500 SERIES 1,19990.0,2013.0,,Used,Hatchback,,,
634,AUDI, A8,39990.0,2010.0,Tiptronic,Used,Sedan,Premium Unleaded,4163.0,
635,JEEP, CJ5 Renegade,42999.0,1974.0,Manual,Used,Convertible,Unleaded,,
636,TOYOTA, LANDCRUISER GXL,97990.0,,Manual,Used,Cab Chassis,Diesel,4500.0,
637,DATSUN, 1200,24990.0,1980.0,Manual,Used,Ute,Unleaded,1171.0,
638,MERCEDES-BENZ, C-CLASS W205,46990.0,2015.0,,Used,Sedan,,,
639,CHEVROLET, 3100,67500.0,1955.0,Automatic,Used,Tray,Leaded Petrol,6000.0,375
640,HOLDEN, FE Special Sedan,39500.0,1956.0,,Used,Sedan,,,
641,ASTON MARTIN, DBS Vantage,228000.0,1969.0,,Used,Hardtop - Coupe,,,
642,JAGUAR, MK II,67950.0,1962.0,,Used,Sedan,,,
643,FORD, MUSTANG FASTBACK GT350 HERTZ REPLICA,97000.0,1966.0,Automatic,Used,Fastback,,,
644,VOLKSWAGEN, 21 WINDOW,84990.0,1967.0,Manual,Used,Van,Unleaded,,
645,MAZDA, CX-3 QWZ,28500.0,2021.0,Automatic,Used,Wagon,,,
646,LAND ROVER, DEFENDER 90,58500.0,1994.0,Manual,Used,Wagon,Diesel,,
647,MAZDA, RX7 2,39000.0,1983.0,Manual,Used,Hatchback,Unleaded,,
648,VOLKSWAGEN, CADDY MAXI,15888.0,2013.0,Manual,Used,Van,Diesel,,
649,ASTON MARTIN, DB9,179500.0,2013.0,,Used,Hardtop - Coupe,,,
650,AUSTIN HEALEY, 3000 MK III BJ8,119990.0,1967.0,Manual,Used,Convertible,Leaded Petrol,2912.0,
651,TOYOTA, TARAGO GLI,9990.0,2006.0,Automatic,Used,Wagon,Unleaded,2400.0,
652,JEEP, WRANGLER Sport,8999.0,1998.0,Manual,Used,Soft Top,,,
653,HOLDEN, FE Special Sedan,39500.0,1956.0,,Used,Sedan,,,
654,HOLDEN, FB,19990.0,,Manual,Used,Panel Van,Premium Unleaded,,
655,FORD, F150,79990.0,2005.0,Automatic,Used,Ute,Unleaded,,
656,TOYOTA, LANDCRUISER VDJ200R MY16,94990.0,2016.0,Automatic,Used,Wagon,Diesel,4461.0,200
657,HOLDEN, EH Special,19000.0,1965.0,Manual,Used,Wagon,Premium Unleaded,,
658,FORD, FALCON XL,42000.0,1963.0,Automatic,Used,Sedan,Unleaded,289.0,
659,HSV, MALOO VP UTE,78000.0,1993.0,Manual,Used,Ute,Premium Unleaded,,
660,MERCEDES-BENZ, C250,26990.0,2012.0,Automatic,Used,Hardtop - Coupe,Premium Unleaded,1796.0,
661,CHEVROLET, CAMARO SS Lingenfelter,39990.0,2010.0,Manual,Used,Hardtop - Coupe,Unleaded,,
662,FORD, LTD,46990.0,1973.0,Automatic,Used,Sedan,Leaded Petrol,5766.0,
663,MERCEDES-BENZ, A180,24990.0,2013.0,Automatic,Used,Hatchback,Premium Unleaded,1595.0,
664,CHEVROLET, CORVETTE Sting Ray,112000.0,1967.0,Manual,Used,Convertible,Unleaded,,
665,HOLDEN, TORANA,155000.0,1974.0,,Used,Sedan,,,
666,MERCEDES-BENZ, ML55 AMG,19990.0,2001.0,Automatic,Used,Wagon,Unleaded,5439.0,
667,JAGUAR, XK,79990.0,2009.0,Automatic,Used,Hardtop - Coupe,Premium Unleaded,4196.0,
668,HSV, SENATOR SIGNATURE  HOLDEN  VT SENATOR SIGNATURE 220I,37000.0,1998.0,,Used,Sedan,,5700.0,
669,MERCEDES-BENZ, CLA45 C117,83787.0,2018.0,,Used,Sedan,Premium Unleaded,,
670,MERCEDES-BENZ, S550,39990.0,2015.0,Automatic,Used,Sedan,Unleaded,,
671,BMW, 328CI E46,7990.0,1999.0,Manual,Used,Hardtop - Coupe,Unleaded,2800.0,
672,NISSAN, PATROL DX MY13,28990.0,2012.0,Manual,Used,Cab Chassis,Diesel,3000.0,
673,BMW, 3 SERIES E90 320i,15990.0,2006.0,Automatic,Used,Sedan,Unleaded,2000.0,
674,FORD, RANGER PX MKII XL,43990.0,2016.0,Automatic,Used,Ute,Diesel,3200.0,
675,FORD, EVEREST,52990.0,2019.0,Automatic,Used,Wagon,Diesel,1996.0,
676,FORD, MUSTANG,129990.0,2017.0,Manual,Used,Hardtop - Coupe,Premium Unleaded,0.0,
677,VOLKSWAGEN, EOS,21990.0,2012.0,Automatic,Used,Convertible,Premium Unleaded,1984.0,
678,HOLDEN, TORANA LC,44500.0,1971.0,,Used,Hardtop - Coupe,,,
679,MERCEDES-BENZ, SLK R172,86990.0,2012.0,,Used,Roadster,,,
680,CHRYSLER, PLYMOUTH ROADRUNNER,60000.0,1971.0,Manual,Used,Hardtop - Coupe,Premium Unleaded,,
681,JAGUAR, MK X,19500.0,1962.0,Manual Overdrive,Used,Sedan,Unleaded,3800.0,
682,FORD, FAIRLANE,55000.0,1959.0,Manual,Used,Sedan,Leaded Petrol,292.0,149.14 KW
683,PLYMOUTH, CRANBROOK,42990.0,1951.0,Manual,Used,Convertible,Unleaded,,
684,CHRYSLER, CL,45000.0,1977.0,Automatic,Used,Ute,Premium Unleaded,5200.0,
685,TRIUMPH, TR3,69500.0,1956.0,,Used,Roadster,,,
686,FORD, FALCON EAII,9500.0,1991.0,Automatic,Used,Wagon,Unleaded,3900.0,
687,CHEVROLET, CHEVELLE MALIBU,59900.0,1972.0,Automatic,Used,Hardtop - Coupe,,5733.0,
688,MERCEDES-BENZ, C250,26990.0,2012.0,Automatic,Used,Hardtop - Coupe,Premium Unleaded,1796.0,
689,ROCHDALE, GT,20000.0,1958.0,Manual,Used,Hardtop - Coupe,Premium Unleaded,1172.0,40
690,MERCEDES-BENZ, 180 C Class,8990.0,2004.0,Automatic,Used,Sedan,Premium Unleaded,1796.0,143 PS/105 kw at 5200rpm
691,MITSUBISHI, PAJERO 4x4,32990.0,2014.0,Automatic,Used,Wagon,Diesel,3200.0,
692,MERCEDES-BENZ, E-CLASS A207,34990.0,2010.0,,Used,Convertible,,,
693,MERCEDES-BENZ, SLK R172,46990.0,2011.0,,Used,Roadster,,,
694,BUICK, RIVIERA 46R Special,26990.0,1955.0,Automatic,Used,Hardtop - Coupe,Unleaded,,
695,FORD, F250 Ex-Ambulance,18500.0,1989.0,Automatic,Used,Panel Van,Dual Fuel,,
696,JAGUAR, XJS,32500.0,1984.0,Automatic,Used,Hardtop - Coupe,Unleaded,5345.0,198
697,FORD, RANGER PX MKII XL,43990.0,2016.0,Automatic,Used,Ute,Diesel,3200.0,
698,STUDEBAKER, ER,6000.0,1922.0,Manual,Used,Tourer,Leaded Petrol,,
699,HOLDEN, TORANA UC SL,49000.0,1978.0,,Used,Hatchback,,,
700,BRISTOL, 405,104950.0,1955.0,Manual,Used,Hardtop - Coupe,,1971.0,
701,ASTON MARTIN, VANTAGE MY21,349990.0,2021.0,,Used,Hardtop - Coupe,,,
702,MERCEDES-BENZ, CL-CLASS CLK55 AMG,29990.0,2003.0,Automatic,Used,Hardtop - Coupe,Unleaded,5500.0,
703,HSV, GTS 300 VY,149000.0,2003.0,,Used,Sedan,,,
704,SUBARU, LIBERTY,19900.0,,Manual,Used,Sedan,Premium Unleaded,,
705,FORD, FALCON 500,37000.0,,Manual,Used,Wagon,,,
706,TOYOTA, TARAGO GLI,9990.0,2006.0,Automatic,Used,Wagon,Unleaded,2400.0,
707,CITROEN, SM,99950.0,1972.0,Manual,Used,Hardtop - Coupe,,2675.0,
708,JAGUAR, XKR X150,79990.0,2009.0,,Used,Convertible,,,
709,AUDI, TT 8J,32990.0,2007.0,,Used,Roadster,,,
710,SUBARU, WRX,26700.0,2009.0,Manual,Used,Sedan,Premium Unleaded,2500.0,
711,HOLDEN, HJ,26888.0,1975.0,Automatic,Used,Panel Van,Unleaded,308.0,
712,BMW, 3 SERIES E90,16990.0,2006.0,,Used,Sedan,,,
713,FORD, FALCON XY GS,125000.0,1971.0,,Used,Ute,,,
714,BMW, 118I,27990.0,2016.0,Automatic,Used,Hatchback,Premium Unleaded,1499.0,
715,PONTIAC, FIERO GT,14000.0,,Automatic,Used,Hardtop - Coupe,Unleaded,,
716,CHEVROLET, CORVETTE ZR1,75990.0,2010.0,Manual,Used,Hardtop - Coupe,Unleaded,,
717,NISSAN, DUALIS,17990.0,2012.0,CVT,Used,Wagon,Unleaded,1997.0,
718,AUDI, A8,39990.0,2010.0,Tiptronic,Used,Sedan,Premium Unleaded,4163.0,
719,MERCEDES-AMG, S63,249990.0,2018.0,Automatic,Used,Convertible,Premium Unleaded,0.0,
720,FORD, F250 Sport custom pick up,48000.0,1970.0,,Used,Ute,,,
721,JAGUAR, MK IV SE,32990.0,1947.0,Manual,Used,Sedan,Leaded Petrol,0.0,
722,JAGUAR, E-TYPE LIGHTWEIGHT,519950.0,1964.0,Manual,Used,Roadster,,3781.0,
723,SAAB, 9-3 442 MY,14990.0,2006.0,,Used,Convertible,,,
724,LEXUS, GS300,19990.0,2008.0,Automatic,Used,Sedan,Premium Unleaded,2995.0,
725,CHEVROLET, NOVA SS,54990.0,1963.0,Manual,Used,Convertible,Unleaded,,
726,FPV, GT-P FG,88990.0,2011.0,Automatic,Used,Sedan,,,
727,FORD, MUSTANG Boss 302,235000.0,1970.0,,Used,Hardtop - Coupe,,,
728,PORSCHE, 356SC,440000.0,1965.0,Manual,Used,Convertible,,1600.0,
729,CHEVROLET, CORVETTE C4,34000.0,1987.0,Automatic,Used,Targa,Unleaded,350.0,
730,BMW, 420D,29990.0,2013.0,Automatic,Used,Hardtop - Coupe,Diesel,1995.0,
731,MERCEDES-BENZ, ML400,59990.0,2014.0,Automatic,Used,Wagon,Premium Unleaded,2996.0,
732,FORD, FALCON XW,59990.0,1970.0,Manual,Used,Sedan,Unleaded,,
733,FORD, MUSTANG,58000.0,,,Used,Convertible,Premium Unleaded,302.0,
734,FORD, XY FALCON 500,120000.0,1971.0,,Used,Sedan,,,
735,MERCEDES-BENZ, C200 KOMPRESSOR,7990.0,2001.0,Automatic,Used,Hardtop - Coupe,Unleaded,2000.0,
736,MERCEDES-BENZ, SLK200,39990.0,2013.0,Automatic,Used,Convertible,Premium Unleaded,1796.0,
737,MAZDA, 323 BA1163,6990.0,1997.0,,Used,Sedan,,,
738,HSV, SV300 VX,74888.0,2001.0,Manual,Used,Sedan,Premium Unleaded,,
739,FORD, FALCON XY,34000.0,1971.0,Manual,Used,Wagon,Unleaded,250.0,
740,FERRARI, 308 GTB Vetroresina,259950.0,1976.0,Manual,Used,Hardtop - Coupe,,2926.0,
741,BMW, X6,79990.0,2016.0,Automatic,Used,Hardtop - Coupe,Diesel,2993.0,
742,AUDI, Q5 8R MY15,33990.0,2015.0,,Used,Wagon,,,
743,MASERATI, 3200,44990.0,2000.0,Automatic,Used,Hardtop - Coupe,Premium Unleaded,3217.0,
744,TOYOTA, HIACE KDH221R HIGH ROOF SUPER LWB,36990.0,2015.0,Automatic,Used,Van,Diesel,3000.0,
745,ROVER, P6B 1,2500.0,1969.0,Automatic,Used,Sedan,Premium Unleaded,3500.0,
746,FORD, MUSTANG FM MY17,76990.0,2016.0,Manual,Used,Hardtop - Coupe,Premium Unleaded,4950.0,306
747,PORSCHE, CARRERA 4S,107990.0,2006.0,Automatic,Used,Hardtop - Coupe,Unleaded,3800.0,
748,LEYLAND, TARGA FLORIO P76,18990.0,1974.0,Automatic,Used,Sedan,Unleaded,4400.0,
749,MERCEDES-BENZ, GLA-CLASS X156,39990.0,2016.0,,Used,Wagon,,,
750,HOLDEN, TORANA LC,44500.0,1971.0,,Used,Hardtop - Coupe,,,
751,BMW, 3 SERIES E46 MY03,14990.0,2003.0,,Used,Hardtop - Coupe,,,
752,TOYOTA, HILUX SR SR5 GUN126R 4x4,59990.0,2016.0,Automatic,Used,Ute,Diesel,2800.0,
753,JAGUAR, XJ,59990.0,2011.0,Automatic,Used,Sedan,Diesel,2993.0,
754,FORD, TORINO GRAND TORINO SPORTS,59900.0,1973.0,,Used,Hardtop - Coupe,,,
755,HOLDEN, HSV VXII CLUBSPORT,25000.0,2002.0,Manual,Used,Sedan,Premium Unleaded,,
756,FIAT ABARTH, 500 SERIES 1,19990.0,2013.0,,Used,Hatchback,,,
757,TOYOTA, CENTURY VG40,25000.0,1987.0,Automatic,Used,Limousine,Premium Unleaded,,243
758,BMW, 645CI E64,39990.0,2004.0,,Used,Convertible,,,
759,SAAB, 9-3 Aero,16500.0,2007.0,Sequential Manual Auto,Used,Convertible,Premium Unleaded,2800.0,184
760,OLDSMOBILE, 98,16500.0,1980.0,Automatic,Used,Sedan,Leaded Petrol,,
761,HOLDEN, SANDMAN HQ,159000.0,1974.0,,Used,Panel Van,,,
762,HOLDEN, CALAIS-V Holden Calais V VF,33500.0,2013.0,Automatic,Used,Sedan,Premium Unleaded,,
763,CHEVROLET, SILVERADO LT,49000.0,2004.0,Automatic,Used,Cab Chassis,Unleaded,5300.0,280
764,NISSAN, SKYLINE GTR R34 M-Spec,279950.0,2001.0,Manual,Used,Hardtop - Coupe,,2568.0,
765,HOLDEN, CALAIS VT II,5500.0,2000.0,Automatic,Used,Sedan,Unleaded,3800.0,171
766,JAGUAR, MK II,85000.0,1964.0,,Used,Sedan,,,
767,TOYOTA, LANDCRUISER VX,54990.0,2008.0,Automatic,Used,Wagon,Unleaded,4700.0,
768,MERCEDES-BENZ, E220,39990.0,2013.0,Automatic,Used,Sedan,Diesel,2143.0,
769,MERCEDES-BENZ, C-CLASS W204 MY13,26990.0,2012.0,,Used,Sedan,,,
770,FORD, RANGER Px MKIII WildTrak 4x4,69990.0,2018.0,Automatic,Used,Ute,Diesel,3200.0,
771,PORSCHE, 356,129990.0,1962.0,Manual,Used,Hardtop - Coupe,Unleaded,1582.0,45
772,BMW, 5 SERIES F10 LCI,39990.0,2015.0,,Used,Sedan,,,
773,BMW, 740LI,34990.0,2010.0,Steptronic,Used,Sedan,Premium Unleaded,0.0,
774,FORD, FALCON XL,42000.0,1963.0,Automatic,Used,Sedan,Unleaded,289.0,
775,MG, TD Roadster,39500.0,1952.0,,Used,Convertible,,,
776,HOLDEN, HX Kingswood,22000.0,1978.0,Automatic,Used,Wagon,Premium Unleaded,4200.0,
777,MERCEDES-BENZ, E250,29990.0,2010.0,Automatic,Used,Hardtop - Coupe,Premium Unleaded,1796.0,
778,MERCEDES-BENZ, ML55 AMG,19990.0,2001.0,Automatic,Used,Wagon,Unleaded,5439.0,
779,CHEVROLET, IMPALA,39900.0,1965.0,,Used,Sedan,,,
780,JAGUAR, MK II 3.4 Litre,69950.0,1960.0,Manual Overdrive,Used,Hardtop - Coupe,,3442.0,
781,MERCEDES-BENZ, C-CLASS W204 MY13,26990.0,2012.0,,Used,Sedan,,,
782,HOLDEN, COMMODORE VR,7000.0,1994.0,Automatic,Used,Ute,,,
783,FORD, FAIRLANE ZD,82500.0,1971.0,,Used,Sedan,,,
784,HOLDEN, HK,25000.0,1970.0,Automatic,Used,Panel Van,Leaded Petrol,,
785,MERCEDES-BENZ, CL55,54990.0,2003.0,Automatic,Used,Hardtop - Coupe,Premium Unleaded,5439.0,
786,FORD, RANGER XL,31990.0,2017.0,Automatic,Used,Ute,Diesel,3200.0,
787,FORD, FALCON XT,79888.0,1968.0,Automatic,Used,Ute,Premium Unleaded,302.0,
788,MERCEDES-BENZ, E250,22990.0,2010.0,Automatic,Used,Hardtop - Coupe,Premium Unleaded,1796.0,
789,HOLDEN, HDT VN Aero,17000.0,1989.0,Automatic,Used,Sedan,Unleaded,5000.0,200
790,FORD, MUSTANG Shelby GT500,115000.0,2007.0,,Used,Hardtop - Coupe,,,
791,HSV, GTS Gen F,124988.0,2013.0,Manual,Used,Sedan,Premium Unleaded,,
792,PORSCHE, 911 CARRERA 2.7,132000.0,1975.0,,Used,Hardtop - Coupe,,,
793,BMW, X5,44990.0,2015.0,Automatic,Used,Wagon,Diesel,1995.0,
794,FORD, FUTURA XR Sports Coupe,58000.0,1967.0,,Used,Hardtop - Coupe,,,
795,PORSCHE, CAYENNE,79990.0,2012.0,Tiptronic,Used,Wagon,Premium Unleaded,4806.0,
796,PORSCHE, 911,98990.0,2005.0,Tiptronic,Used,Convertible,Premium Unleaded,3596.0,
797,FORD, MUSTANG Boss 302,235000.0,1970.0,,Used,Hardtop - Coupe,,,
798,JAGUAR, E-TYPE,249990.0,1963.0,Manual,Used,Hardtop - Coupe,Leaded Petrol,3781.0,
799,PORSCHE, 911,349990.0,2015.0,Automatic,Used,Hardtop - Coupe,Premium Unleaded,3996.0,
800,MERCEDES-BENZ, CLS 218,44990.0,2013.0,Automatic,Used,Wagon,Diesel,2148.0,
801,LAMBORGHINI, AVENTADOR,799880.0,2018.0,Automatic,Used,Roadster,Premium Unleaded,6498.0,
802,AUDI, S4 CABRIOLET 2+2,25000.0,2005.0,Tiptronic,Used,Convertible,Premium Unleaded,4200.0,253
803,HOLDEN, UTE ssv redline,66500.0,2016.0,Manual,Used,Ute,Premium Unleaded,,6.2
804,LAND ROVER, RANGE ROVER,37990.0,2010.0,Automatic,Used,Wagon,Diesel,2993.0,
805,MERCEDES-BENZ, CL-CLASS C216,49990.0,2007.0,,Used,Hardtop - Coupe,,,
806,FORD, ROADSTER,40000.0,,Automatic,Used,Roadster,Unleaded,,
807,MERCEDES-BENZ, 560,99990.0,1989.0,Automatic,Used,Hardtop - Coupe,Unleaded,5547.0,
808,BMW, 3 SERIES E46 MY03,14990.0,2003.0,,Used,Hardtop - Coupe,,,
809,FORD, MUSTANG GT,77000.0,1968.0,Automatic,Used,Fastback,Leaded Petrol,390.0,325
810,TRIUMPH, TR6,39500.0,1974.0,Manual,Used,Convertible,Unleaded,2498.0,112
811,OLDSMOBILE, 98,57900.0,1956.0,,Used,Hardtop - Coupe,,,
812,FERRARI, 308,298000.0,1977.0,Manual,Used,Hardtop - Coupe,Leaded Petrol,2926.0,
813,TOYOTA, CAMRY Altise,7990.0,2008.0,Automatic,Used,Sedan,Unleaded,2400.0,
814,LAND ROVER, FREELANDER 2,16880.0,2011.0,Automatic,Used,Wagon,Diesel,2179.0,
815,FORD, LTD,46990.0,1973.0,Automatic,Used,Sedan,Leaded Petrol,5766.0,
816,PORSCHE, CAYENNE 92A MY11,79990.0,2011.0,,Used,Wagon,,,
817,BMW, 220I,27990.0,2015.0,Automatic,Used,Wagon,Premium Unleaded,1998.0,
818,MASERATI, MERAK,114500.0,1974.0,,Used,Hardtop - Coupe,,,
819,JAGUAR, MK VII,13000.0,1952.0,,Used,Sedan,,,
820,CHEVROLET, CORVETTE C2 STINGRAY,249990.0,1965.0,Manual,Used,Hardtop - Coupe,Leaded Petrol,6492.0,
821,CADILLAC, DE VILLE,15990.0,1976.0,Automatic,Used,Hardtop - Coupe,Unleaded,,
822,HOLDEN, HSV VZ CLUBSPORT,37000.0,2004.0,Automatic,Used,Sedan,Premium Unleaded,,
823,ROVER, P6B 1,2500.0,1969.0,Automatic,Used,Sedan,Premium Unleaded,3500.0,
824,HOLDEN, TORANA UC SL,49000.0,1978.0,,Used,Hatchback,,,
825,BENTLEY, CONTINENTAL,249990.0,2014.0,Automatic,Used,Convertible,Premium Unleaded,3993.0,
826,CHEVROLET, CORVETTE,389990.0,1966.0,Manual,Used,Hardtop - Coupe,Leaded Petrol,6966.0,
827,LAND ROVER, RANGE ROVER SPORT TDV6 MY11,32990.0,2011.0,Automatic,Used,Wagon,Diesel,2993.0,
828,MG, B,25500.0,1970.0,Manual,Used,Roadster,Unleaded,1798.0,0
829,HOLDEN, UTE ssv redline,66500.0,2016.0,Manual,Used,Ute,Premium Unleaded,,6.2
830,MAZDA, RX8,25000.0,2005.0,Automatic,Used,Hardtop - Coupe,Premium Unleaded,1308.0,
831,HOLDEN, HSV VXII CLUBSPORT,25000.0,2002.0,Manual,Used,Sedan,Premium Unleaded,,
832,DODGE, CHALLENGER SRT8,148000.0,2010.0,Manual,Used,Hardtop - Coupe,Premium Unleaded,6100.0,317
833,FORD, HI-BOY,37990.0,1932.0,Automatic,Used,Roadster,Unleaded,,
834,CHEVROLET, BEL AIR,124990.0,1957.0,Automatic,Used,Hardtop - Coupe,Unleaded,,
835,FORD, RANCHERO,39990.0,1957.0,Automatic,Used,Ute,Unleaded,,
836,MG, F MY01,19990.0,2001.0,,Used,Roadster,,,
837,VOLKSWAGEN, BEACH BUGGY Myer Manx,50000.0,1966.0,,Used,Open Wheeler,,1600.0,
838,LAND ROVER, EVOQUE,44990.0,2013.0,Automatic,Used,Wagon,Premium Unleaded,1999.0,
839,HOLDEN, TORANA LX,99000.0,1976.0,,Used,Sedan,,,
840,AUDI, A3 8P MY10,16990.0,2009.0,,Used,Convertible,,,
841,CHEVROLET, CORVETTE,134990.0,1954.0,Automatic,Used,Roadster,Unleaded,,
842,FORD, FALCON GT XY REPLICA UTE,92500.0,1971.0,,Used,Ute,,,
843,LAND ROVER, DISCOVERY,21000.0,2007.0,Automatic,Used,Wagon,Unleaded,,
844,SUBARU, LIBERTY,15000.0,1997.0,Manual,Used,Sedan,Premium Unleaded,,175
845,CHRYSLER, VALIANT CL 318,79990.0,1977.0,,Used,Ute,Unleaded,5200.0,
846,JAGUAR, MK II 3.8,54990.0,1966.0,Automatic,Used,Sedan,Leaded Petrol,3781.0,
847,MCLAREN, 570GT,399990.0,2020.0,,Used,Hardtop - Coupe,,,
848,MERCEDES-BENZ, S-CLASS S400h,75988.0,2014.0,Automatic,Used,Sedan,,,
849,FORD, FALCON FG,24990.0,2008.0,Manual,Used,Sedan,Unleaded,3984.0,
850,HOLDEN, TORANA,155000.0,1974.0,,Used,Sedan,,,
851,MERCEDES-BENZ, S-CLASS W222,109990.0,2013.0,,Used,Sedan,,,
852,MERCEDES-BENZ, S400,129990.0,2016.0,Automatic,Used,Sedan,Premium Unleaded,2996.0,
853,FERRARI, 308 GTB Vetroresina,278000.0,1976.0,,Used,Hardtop - Coupe,,,
854,BENTLEY, FLYING SPUR,269990.0,2017.0,Automatic,Used,Sedan,Premium Unleaded,3993.0,
855,PORSCHE, 928S 4,69950.0,1988.0,Automatic,Used,Hardtop - Coupe,,4957.0,
856,FPV, GT FG,59990.0,2008.0,,Used,Sedan,,,
857,AUSTIN HEALEY, 3000 MK III BJ8,119990.0,1967.0,Manual,Used,Convertible,Leaded Petrol,2912.0,
858,VOLKSWAGEN, TRANSPORTER SWB,12990.0,2007.0,Manual,Used,Van,Diesel,2000.0,
859,FORD, HOT ROD 3 Window,85000.0,1934.0,Automatic,Used,Hardtop - Coupe,Unleaded,351.0,450
860,FORD, FAIRLANE ZD,82500.0,1971.0,,Used,Sedan,,,
861,CHEVROLET, BEL AIR,74900.0,1956.0,,Used,Hardtop - Coupe,,,
862,MORGAN, THREE WHEELER Super Sports Aero,59950.0,1929.0,Manual,Used,Roadster,,998.0,
863,FORD, MUSTANG,42900.0,1965.0,,Used,Hardtop - Coupe,,,
864,KIA, SORENTO Platinum,27990.0,2015.0,Automatic,Used,Wagon,,0.0,0
865,OLDSMOBILE, 98 SPORTS COUPE,17500.0,1971.0,,Used,Hardtop - Coupe,,,
866,MERCEDES-BENZ, C200,49990.0,2015.0,Automatic,Used,Sedan,Premium Unleaded,1991.0,
867,CADILLAC, CONVERTIBLE 62,65500.0,1960.0,Automatic,Used,Convertible,Unleaded,,
868,FORD, MUSTANG,219990.0,2010.0,Manual,Used,Hardtop - Coupe,,0.0,
869,MERCEDES-BENZ, CLK350,19990.0,2005.0,Automatic,Used,Hardtop - Coupe,Unleaded,3498.0,
870,FORD, F100 [Empty],59990.0,1977.0,,Used,Ute,Unleaded,,
871,MERCEDES-BENZ, M-CLASS ML 300 CDI,25990.0,2010.0,Automatic,Used,Wagon,Diesel,3000.0,
872,MERCEDES-BENZ, 300SE W126,4950.0,1988.0,Automatic,Used,Sedan,LPG,,
873,MERCEDES-BENZ, SL-CLASS R230 MY05,49990.0,2004.0,,Used,Roadster,,,
874,HOLDEN, GEMINI SL/E,2800.0,1985.0,Manual,Used,Sedan,Leaded Petrol,,
875,AUDI, R8 5.2 FSI Coupe,199980.0,2010.0,Manual,Used,Hardtop - Coupe,,,
876,ASTON MARTIN, V12,157990.0,2002.0,Sequential Manual Auto,Used,Hardtop - Coupe,Premium Unleaded,5935.0,
877,HSV, SENATOR VX,70000.0,2001.0,,Used,Sedan,,,
878,HOLDEN, UTE VE II MY12,14990.0,2012.0,,Used,Ute,,,
879,DATSUN, STANZA GX,12500.0,1981.0,,Used,Sedan,,,
880,PONTIAC, GTO 400ci,99500.0,1970.0,,Used,Hardtop - Coupe,,,
881,HOLDEN, KINGSWOOD HQ,104990.0,1973.0,Automatic,Used,Sedan,Unleaded,5047.0,179
882,FORD, FALCON XA,117990.0,1973.0,Manual,Used,Sedan,Unleaded,5766.0,224
883,FERRARI, GTC4,428880.0,2018.0,Automatic,Used,Hardtop - Coupe,Premium Unleaded,3856.0,
884,DODGE, PICKUP D5N 200,32000.0,1975.0,Manual,Used,Style Side,LPG,4015.0,92?
885,CHEVROLET, CORVETTE,389990.0,1966.0,Manual,Used,Hardtop - Coupe,Leaded Petrol,6966.0,
886,LAND ROVER, RANGE ROVER,98990.0,2016.0,Automatic,Used,Wagon,Diesel,4367.0,
887,FORD, F150 LARIAT 4x4,179990.0,2020.0,Automatic,Used,Ute,Unleaded,5000.0,
888,CHEVROLET, CORVETTE,114990.0,1959.0,Manual,Used,Convertible,Unleaded,,
889,BMW, X1,29990.0,2013.0,Automatic,Used,Wagon,Diesel,0.0,
890,FERRARI, 328GTS,209950.0,1986.0,Manual,Used,Targa,,3186.0,
891,BENTLEY, S2 Continental Park Ward Drophead,489990.0,1961.0,,Used,Convertible,,,
892,HOLDEN, MONARO GTS HQ,159000.0,1972.0,,Used,Hardtop - Coupe,,,
893,FORD, FALCON XC,47990.0,1978.0,Manual,Used,Wagon,,,
894,FPV, F6 TYPHOON BF MK II,49990.0,2008.0,,Used,Sedan,,,
895,MERCEDES-BENZ, C-CLASS W204,14990.0,2007.0,,Used,Sedan,,,
896,CHRYSLER, VALIANT CL Sports Pack Panelvan,129000.0,1978.0,,Used,Van,,,
897,FORD, MUSTANG,219990.0,2010.0,Manual,Used,Hardtop - Coupe,,0.0,
898,SAAB, 9-3 444 MY2008,9990.0,2009.0,,Used,Wagon,,,
899,MERCEDES-BENZ, 560,119990.0,1986.0,Automatic,Used,Convertible,Unleaded,5547.0,
900,HOLDEN, COMMODORE VK - Commodore Brock Group 3 Replica,49990.0,1984.0,,Used,Sedan,,,
901,ASTON MARTIN, DB9,174500.0,2013.0,,Used,Hardtop - Coupe,,,
902,HUMMER, H1,96990.0,,Automatic,Used,Cab Chassis,Diesel,6500.0,
903,HOLDEN, HT,79888.0,1970.0,Automatic,Used,Ute,Premium Unleaded,350.0,
904,FORD, TUDOR,42990.0,1935.0,Automatic,Used,Sedan,Unleaded,,
905,MERCEDES-BENZ, CLA200,74000.0,,,Used,Sedan,Unleaded,,
906,FORD, RANGER XL 4x4,19500.0,2011.0,Automatic,Used,Cab Chassis,Diesel,3200.0,
907,BENTLEY, CONTINENTAL,199990.0,2014.0,Automatic,Used,Hardtop - Coupe,Premium Unleaded,3993.0,
908,FORD, FAIRLANE,55000.0,1959.0,Manual,Used,Sedan,Leaded Petrol,292.0,149.14 KW
909,MINI, JOHN COOPER,40000.0,2016.0,Manual,Used,Hatchback,,,
910,MERCEDES-BENZ, B-CLASS W245,9990.0,2005.0,,Used,Hatchback,,,
911,LAND ROVER, SERIES 3 308 V8 5 Speed 4WD,25308.0,1980.0,Manual,Used,Ute,Unleaded,5000.0,
912,TOYOTA, COROLLA ZRE152R,12990.0,2009.0,,Used,Sedan,,,
913,CITROEN, C4 B7,11990.0,2014.0,,Used,Hatchback,,,
914,TOYOTA, CAMRY CSI,3990.0,1999.0,Automatic,Used,Sedan,Unleaded,3000.0,
915,MERCEDES-BENZ, CL-CLASS C216,49990.0,2007.0,,Used,Hardtop - Coupe,,,
916,MASERATI, GRANTURISMO M145 MY13,99999.0,2013.0,,Used,Hardtop - Coupe,,,
917,MAZDA, 323 BA1163,6990.0,1997.0,,Used,Sedan,,,
918,MERCEDES-BENZ, E-CLASS A207,34990.0,2010.0,,Used,Convertible,,,
919,CHEVROLET,  COUPE Master 85,28000.0,1939.0,Manual,Used,Hardtop - Coupe,Unleaded,,
920,JAGUAR, SOVEREIGN Series III,13900.0,1984.0,Automatic,Used,Sedan,Unleaded,4200.0,
921,FORD, FAIRLANE ZD,82500.0,1971.0,,Used,Sedan,,,
922,HOLDEN, COMMODORE SS VZ,17500.0,2006.0,Automatic,Used,Sedan,Premium Unleaded,5967.0,340
923,MERCEDES-BENZ, SL-CLASS R129,44990.0,1999.0,,Used,Roadster,,,
924,JAGUAR, XK,79990.0,2009.0,Automatic,Used,Hardtop - Coupe,Premium Unleaded,4196.0,
925,FORD, FALCON XR6 AU III,19999.0,2000.0,Sportmatic,Used,Sedan,Unleaded,4000.0,172
926,FORD, CUSTOM Country Squire,69990.0,1951.0,Automatic,Used,Wagon,Unleaded,,
927,PEUGEOT, 5008 MY13,16990.0,2013.0,,Used,Wagon,,,
928,MERCEDES-BENZ, SL280,49990.0,1996.0,Automatic,Used,Convertible,Unleaded,2800.0,
929,FORD, MUSTANG,129990.0,1970.0,Manual,Used,Hardtop - Coupe,Leaded Petrol,0.0,
930,FORD, FALCON XW,59990.0,1970.0,Manual,Used,Sedan,Unleaded,,
931,FORD, MUSTANG,129990.0,1970.0,Manual,Used,Hardtop - Coupe,Leaded Petrol,0.0,
932,FORD, TORINO Cobra,32990.0,1971.0,Manual,Used,Fastback,Unleaded,,
933,FPV, GT BF MKII,32000.0,2007.0,Sequential Sports Shift,Used,Sedan,Premium Unleaded,5400.0,290
934,JAGUAR, 3.8 MKII,40000.0,1964.0,Automatic,Used,Sedan,,,
935,ROLLS-ROYCE, SILVER CLOUD III,84950.0,,Automatic,Used,Sedan,,6223.0,
936,BMW, X5 E70 Executive,19990.0,2007.0,Automatic,Used,Wagon,Unleaded,3000.0,
937,CHEVROLET, C10 1/2 Ton,69990.0,1964.0,Automatic,Used,Ute,Unleaded,,
938,FORD, CUSTOM Country Squire,69990.0,1951.0,Automatic,Used,Wagon,Unleaded,,
939,FORD, LTD P6,20000.0,1978.0,Automatic,Used,Convertible,Premium Unleaded,5800.0,
940,HSV, CLUBSPORT R8 TOURER VF,74990.0,2014.0,,Used,Wagon,,,
941,MORGAN, THREE WHEELER Super Sports Aero,59950.0,1929.0,Manual,Used,Roadster,,998.0,
942,MERCEDES-BENZ, C250,22500.0,2013.0,Automatic,Used,Sedan,Premium Unleaded,,
943,PORSCHE, 928S 4,69950.0,1988.0,Automatic,Used,Hardtop - Coupe,,4957.0,
944,FORD, CAPRI Clubsprint,12500.0,1993.0,,Used,Convertible,Unleaded,,
945,MERCEDES-BENZ, E220,39990.0,2013.0,Automatic,Used,Sedan,Diesel,2143.0,
946,PORSCHE, CAYENNE,23990.0,,Automatic,Used,Wagon,Premium Unleaded,,
947,MERCEDES-BENZ, B-CLASS W245 MY11,15990.0,2011.0,,Used,Hatchback,,,
948,BMW, 5 SERIES F10 MY13,26990.0,2013.0,,Used,Sedan,,,
949,DODGE, CHALLENGER 340,89500.0,1970.0,,Used,Hardtop - Coupe,,,
950,BMW, 320D,28990.0,2011.0,Steptronic,Used,Hardtop - Coupe,Diesel,1995.0,
951,MERCEDES-BENZ, C-CLASS W204 MY13,26990.0,2012.0,,Used,Sedan,,,
952,CHRYSLER, 300 SRT8,45000.0,2012.0,,Used,Sedan,,,
953,PORSCHE, BOXSTER 987 MY10,59990.0,2010.0,,Used,Convertible,,,
954,VOLKSWAGEN, TRANSPORTER TDI250 Runner,29990.0,2016.0,Manual,Used,Van,Diesel,2000.0,
955,HSV, GTO VZ,129990.0,2004.0,Automatic,Used,Hardtop - Coupe,,,
956,BMW, 520D,34990.0,2011.0,,Used,Sedan,,,
957,FORD, SHELBY GT500,95990.0,2011.0,Manual,Used,Convertible,Premium Unleaded,5400.0,
958,IVECO, DAILY 4x2,48990.0,2020.0,Automatic,Used,Van,Diesel,2300.0,
959,VOLKSWAGEN, TRANSPORTER TDI 340,18990.0,2012.0,Automatic,Used,Van,Diesel,2000.0,
960,HOLDEN, HQ GTS MONARO 350 TRIBUTE,145000.0,1973.0,Automatic,Used,Hardtop - Coupe,,,
961,MASERATI, GRANTURISMO,159990.0,2016.0,Automatic,Used,Hardtop - Coupe,Premium Unleaded,0.0,
962,MERCEDES-BENZ, SLC200,65990.0,2017.0,Automatic,Used,Roadster,Premium Unleaded,1991.0,
963,MERCEDES-BENZ, CLS 250D,69990.0,2017.0,Automatic,Used,Hardtop - Coupe,Diesel,2143.0,
964,AUDI, A8,39990.0,2011.0,Tiptronic,Used,Sedan,Diesel,2976.0,
965,BMW, X5,54990.0,2015.0,Automatic,Used,Wagon,Diesel,2993.0,
966,BUICK, RIVIERA 46R Special,26990.0,1955.0,Automatic,Used,Hardtop - Coupe,Unleaded,,
967,JEEP, WRANGLER,24940.0,2011.0,Manual,Used,Convertible,Unleaded,3778.0,
968,CHEVROLET, 3100,67500.0,1955.0,Automatic,Used,Tray,Leaded Petrol,6000.0,375
969,LAND ROVER, DEFENDER 90,58500.0,1994.0,Manual,Used,Wagon,Diesel,,
970,ASTON MARTIN, DB9,179500.0,2013.0,,Used,Hardtop - Coupe,,,
971,MERCEDES-BENZ, M-CLASS ML 300 CDI,25990.0,2010.0,Automatic,Used,Wagon,Diesel,3000.0,
972,SUZUKI, GRAND VITARA 4x4 XL-7,6990.0,2001.0,Automatic,Used,Wagon,Unleaded,2700.0,
973,CHRYSLER, VALIANT REGAL VC,59500.0,1966.0,,Used,Sedan,,,
974,PORSCHE, MACAN,89990.0,2015.0,Automatic,Used,Wagon,Premium Unleaded,3604.0,
975,LEYLAND, MINI Van,25000.0,1978.0,Manual,Used,Panel Van,Unleaded,,
976,CHEVROLET, 3100 1/2 Ton,54990.0,1948.0,Automatic,Used,Ute,Unleaded,,
977,FERRARI, 360 SPIDER,213000.0,2002.0,,Used,Convertible,,,
978,SUBARU, IMPREZA,39990.0,1996.0,Manual,Used,Sedan,Premium Unleaded,2000.0,
979,MERCEDES-BENZ, 450SL,24990.0,1979.0,Automatic,Used,Convertible,Unleaded,,
980,AUDI, Q2,39990.0,2017.0,Automatic,Used,Wagon,Unleaded,1400.0,
981,MERCEDES-BENZ, S350,48990.0,2010.0,Automatic,Used,Sedan,Premium Unleaded,0.0,
982,MERCEDES-BENZ, GL 500,39990.0,2007.0,,Used,Wagon,,,
983,CHEVROLET, BELAIR Wagon,54850.0,1964.0,Automatic,Used,Wagon,Premium Unleaded,350.0,350
984,CHEVROLET, CORVETTE,99990.0,1964.0,,Used,Roadster,Unleaded,5360.0,0
985,HOLDEN, COMMODORE MOTORSPORT EDITION VF SERIES II,129500.0,2017.0,,Used,Sedan,,,
986,JAGUAR, MK II 3.4 Litre,69950.0,1960.0,Manual Overdrive,Used,Hardtop - Coupe,,3442.0,
987,FORD, CUSTOM 5 WINDOW COUPE,,1932.0,Manual,Used,Hardtop - Coupe,,,
988,MITSUBISHI, TRITON UTE,,1997.0,,Used,Ute,,,
989,PONTIAC, GTO,,1970.0,Manual,Used,Hardtop - Coupe,,,
990,CHRYSLER, 300 Pace Setter,49990.0,1963.0,Automatic,Used,Convertible,Unleaded,,
991,FORD, FAIRMONT GS,,1971.0,,Used,Sedan,,,
992,HOLDEN, MONARO HG,,1971.0,Manual,Used,Hardtop - Coupe,,,
993,CHEVROLET, CORVETTE,,1959.0,Manual,Used,Convertible,,,
994,PONTIAC, TRANS AM,,1971.0,Automatic,Used,Hardtop - Coupe,Premium Unleaded,,
995,MITSUBISHI, TRITON UTE,,1997.0,,Used,Ute,,,
996,FORD, F100,,1957.0,Automatic,Used,Ute,,,
997,FORD, THUNDERBIRD,,1957.0,Automatic,Used,Convertible,,,
998,MERCURY, COUPE,,1951.0,Automatic,Used,Hardtop - Coupe,,,
999,MERCEDES-BENZ, C200,,2016.0,Automatic,Used,Hardtop - Coupe,Premium Unleaded,1991.0,
1000,GMC, PICKUP SUPER CUSTOM,,1972.0,Automatic,Used,Ute,,,
1001,HSV, W427 VE,,2009.0,,Used,Sedan,,,
1002,CHEVROLET, CORVETTE,,1959.0,Manual,Used,Convertible,,,
1003,HOLDEN, TORANA LX,,1975.0,,Used,Hatchback,,,
1004,FORD, FALCON GT XW,,1969.0,,Used,Sedan,,,
1005,MERCEDES-BENZ, SPRINTER,,,,Used,Van,,,
1006,MERCEDES-BENZ, C200,,2016.0,Automatic,Used,Hardtop - Coupe,Premium Unleaded,1991.0,
1007,MERCURY, MONTEREY,,1959.0,Automatic,Used,Hardtop - Coupe,,,
1008,HOLDEN, SANDMAN HJ,,1975.0,Manual,Used,Van,,,0
1009,PLYMOUTH, ROAD RUNNER TRIBUTE,,1968.0,Automatic,Used,Hardtop - Coupe,,,
1010,CADILLAC, SERIES 62,,1953.0,Automatic,Used,Convertible,,,
1011,AC, COBRA,,2001.0,Manual,Used,Roadster,,,
1012,HOLDEN, TORANA LX,,1976.0,Manual,Used,Hatchback,,,0
1013,CHEVROLET, BEL AIR,,1955.0,Manual,Used,Hardtop - Coupe,,,
1014,FORD, FALCON XD,,1979.0,Automatic,Used,Sedan,,,
1015,HSV, GTSR W1 VF,,2017.0,,Used,Sedan,,,
1016,PORSCHE, CAYENNE,39990.0,2010.0,Tiptronic,Used,Wagon,Diesel,2967.0,
1017,MERCURY, COUPE,,1951.0,Automatic,Used,Hardtop - Coupe,,,
1018,CHEVROLET, CORVETTE C6,,2008.0,Manual,Used,Hardtop - Coupe,,,377
1019,HOLDEN, MONARO HG,,1971.0,Manual,Used,Hardtop - Coupe,,,
1020,JENSEN, INTERCEPTOR,,1967.0,Automatic,Used,Hardtop - Coupe,,6286.0,
1021,FIAT, 1900A 'GRANLUCE',,1955.0,,Used,Hardtop - Coupe,,,
1022,FORD, FALCON XC,,1977.0,Automatic,Used,Panel Van,,,
1023,PORSCHE, CAYENNE,39990.0,2010.0,Tiptronic,Used,Wagon,Diesel,2967.0,
1024,HOLDEN, SANDMAN HJ,,1975.0,Manual,Used,Van,,,0
1025,HOLDEN, PREMIER HK,,1968.0,Automatic,Used,Sedan,,,157
1026,HSV, GTSR W1 VF,,2017.0,,Used,Sedan,,,
1027,FORD, FALCON XW GT,,1970.0,,Used,Sedan,,,
1028,FERRARI, SUPER AMERICA 575,,2006.0,Automatic,Used,Convertible,Premium Unleaded,5748.0,397
1029,FORD, GALAXIE,,1959.0,Automatic,Used,Convertible,,,
1030,FORD, FALCON XD,,1979.0,Automatic,Used,Sedan,,,
1031,HOLDEN, PREMIER HD,,1965.0,Automatic,Used,Sedan,,,
1032,FORD, FAIRMONT XA,,1973.0,Manual,Used,Hardtop - Coupe,,,0
1033,FORD, MUSTANG,,1966.0,Manual,Used,Fastback,,,0
1034,FORD, FUTURA XW,,1969.0,Automatic,Used,Sedan,,,
1035,GMC, PICKUP SUPER CUSTOM,,1972.0,Automatic,Used,Ute,,,
1036,PONTIAC, FIREBIRD,,1968.0,Automatic,Used,Hardtop - Coupe,,,
1037,HOLDEN, MONARO HQ GTS Replica,,1972.0,Automatic,Used,Hardtop - Coupe,,,
1038,PONTIAC, GTO,99990.0,1969.0,Manual,Used,Convertible,Unleaded,,
1039,HOLDEN, TORANA LX,,1976.0,Manual,Used,Hatchback,,,0
1040,CHEVROLET, BELAIR,,1957.0,Automatic,Used,Hardtop - Coupe,,,
1041,PLYMOUTH, ROAD RUNNER TRIBUTE,,1968.0,Automatic,Used,Hardtop - Coupe,,,
1042,AC, COBRA,,2001.0,Manual,Used,Roadster,,,
1043,HSV, W427 VE,,2009.0,,Used,Sedan,,,
1044,CHEVROLET, CORVETTE C6,,2008.0,Manual,Used,Hardtop - Coupe,,,377
